marker	Chr	cM	ABR6 x Bd21 F2-1 F7-1 F8-1	ABR6 x Bd21 F2-2 F7-1 F8-1	ABR6 x Bd21 F2-5 F7-1 F8-1	ABR6 x Bd21 F2-6 F7-1 F8-1	ABR6 x Bd21 F2-7 F7-1 F8-1	ABR6 x Bd21 F2-8 F7-1 F8-1	ABR6 x Bd21 F2-9 F7-1 F8-1	ABR6 x Bd21 F2-11 F7-1 F8-1	ABR6 x Bd21 F2-13 F7-1 F8-1	ABR6 x Bd21 F2-14 F7-1 F8-1	ABR6 x Bd21 F2-15 F7-1 F8-1	ABR6 x Bd21 F2-16 F7-1 F8-1	ABR6 x Bd21 F2-17 F7-1 F8-1	ABR6 x Bd21 F2-18 F7-1 F8-1	ABR6 x Bd21 F2-19 F7-1 F8-1	ABR6 x Bd21 F2-20 F7-1 F8-1	ABR6 x Bd21 F2-21 F7-1 F8-1	ABR6 x Bd21 F2-22 F7-1 F8-1	ABR6 x Bd21 F2-23 F7-1 F8-1	ABR6 x Bd21 F2-24 F7-1 F8-1	ABR6 x Bd21 F2-25 F7-1 F8-1	ABR6 x Bd21 F2-26 F7-1 F8-1	ABR6 x Bd21 F2-28 F7-1 F8-1	ABR6 x Bd21 F2-29 F7-1 F8-1	ABR6 x Bd21 F2-30 F7-1 F8-1	ABR6 x Bd21 F2-31 F7-1 F8-1	ABR6 x Bd21 F2-32 F7-1 F8-1	ABR6 x Bd21 F2-33 F7-1 F8-1	ABR6 x Bd21 F2-34 F7-1 F8-1	ABR6 x Bd21 F2-36 F7-1 F8-1	ABR6 x Bd21 F2-37 F7-1 F8-1	ABR6 x Bd21 F2-41 F7-1 F8-1	ABR6 x Bd21 F2-42 F7-1 F8-1	ABR6 x Bd21 F2-43 F7-1 F8-1	ABR6 x Bd21 F2-44 F7-1 F8-1	ABR6 x Bd21 F2-45 F7-1 F8-1	ABR6 x Bd21 F2-46 F7-1 F8-1	ABR6 x Bd21 F2-47 F7-1 F8-1	ABR6 x Bd21 F2-48 F7-1 F8-1	ABR6 x Bd21 F2-49 F7-1 F8-1	ABR6 x Bd21 F2-50 F7-1 F8-1	ABR6 x Bd21 F2-51 F7-1 F8-1	ABR6 x Bd21 F2-54 F7-1 F8-1	ABR6 x Bd21 F2-56 F7-1 F8-1	ABR6 x Bd21 F2-58 F7-1 F8-1	ABR6 x Bd21 F2-59 F7-1 F8-1	ABR6 x Bd21 F2-60 F7-1 F8-1	ABR6 x Bd21 F2-61 F7-1 F8-1	ABR6 x Bd21 F2-62 F7-1 F8-1	ABR6 x Bd21 F2-63 F7-1 F8-1	ABR6 x Bd21 F2-64 F7-1 F8-1	ABR6 x Bd21 F2-65 F7-1 F8-1	ABR6 x Bd21 F2-67 F7-1 F8-1	ABR6 x Bd21 F2-69 F7-1 F8-1	ABR6 x Bd21 F2-70 F7-1 F8-1	ABR6 x Bd21 F2-71 F7-1 F8-1	ABR6 x Bd21 F2-72 F7-1 F8-1	ABR6 x Bd21 F2-73 F7-1 F8-1	ABR6 x Bd21 F2-74 F7-1 F8-1	ABR6 x Bd21 F2-75 F7-1 F8-1	ABR6 x Bd21 F2-76 F7-1 F8-1	ABR6 x Bd21 F2-77 F7-1 F8-1	ABR6 x Bd21 F2-78 F7-1 F8-1	ABR6 x Bd21 F2-88 F7-1 F8-1	ABR6 x Bd21 F2-89 F7-1 F8-1	ABR6 x Bd21 F2-90 F7-1 F8-1	ABR6 x Bd21 F2-91 F7-1 F8-1	ABR6 x Bd21 F2-92 F7-1 F8-1	ABR6 x Bd21 F2-93 F7-1 F8-1	ABR6 x Bd21 F2-94 F7-1 F8-1	ABR6 x Bd21 F2-95 F7-1 F8-1	ABR6 x Bd21 F2-96 F7-1 F8-1	ABR6 x Bd21 F2-97 F7-1 F8-1	ABR6 x Bd21 F2-98 F7-1 F8-1	ABR6 x Bd21 F2-100 F7-1 F8-1	ABR6 x Bd21 F2-101 F7-1 F8-1	ABR6 x Bd21 F2-102 F7-1 F8-1	ABR6 x Bd21 F2-103 F7-1 F8-1	ABR6 x Bd21 F2-104 F7-1 F8-1	ABR6 x Bd21 F2-105 F7-1 F8-1	ABR6 x Bd21 F2-106 F7-1 F8-1	ABR6 x Bd21 F2-107 F7-1 F8-1	ABR6 x Bd21 F2-108 F7-1 F8-1	ABR6 x Bd21 F2-109 F7-1 F8-1	ABR6 x Bd21 F2-110 F7-1 F8-1	ABR6 x Bd21 F2-111 F7-1 F8-1	ABR6 x Bd21 F2-112 F7-1 F8-1	ABR6 x Bd21 F2-113 F7-1 F8-1	ABR6 x Bd21 F2-114 F7-1 F8-1	ABR6 x Bd21 F2-115 F7-1 F8-1	ABR6 x Bd21 F2-116 F7-1 F8-1	ABR6 x Bd21 F2-117 F7-1 F8-1	ABR6 x Bd21 F2-118 F7-1 F8-1	ABR6 x Bd21 F2-119 F7-1 F8-1	ABR6 x Bd21 F2-120 F7-1 F8-1	ABR6 x Bd21 F2-121 F7-1 F8-1	ABR6 x Bd21 F2-122 F7-1 F8-1	ABR6 x Bd21 F2-123 F7-1 F8-1	ABR6 x Bd21 F2-124 F7-1 F8-1	ABR6 x Bd21 F2-125 F7-1 F8-1	ABR6 x Bd21 F2-126 F7-1 F8-1	ABR6 x Bd21 F2-127 F7-1 F8-1	ABR6 x Bd21 F2-128 F7-1 F8-1	ABR6 x Bd21 F2-129 F7-1 F8-1	ABR6 x Bd21 F2-131 F7-1 F8-1	ABR6 x Bd21 F2-132 F7-1 F8-1	ABR6 x Bd21 F2-133 F7-1 F8-1	ABR6 x Bd21 F2-134 F7-1 F8-1	ABR6 x Bd21 F2-135 F7-1 F8-1	ABR6 x Bd21 F2-136 F7-1 F8-1	ABR6 x Bd21 F2-137 F7-1 F8-1	ABR6 x Bd21 F2-138 F7-1 F8-1	ABR6 x Bd21 F2-139 F7-1 F8-1	ABR6 x Bd21 F2-140 F7-1 F8-1	ABR6 x Bd21 F2-141 F7-1 F8-1
Bd1_629_60_R	Bd1	0.0	A	B	A	A	B	A	B	A	A	A	A	A	B	A	A	A	B	A	A	A	A	B	B	A	B	B	A	B	A	B	A	A	B	B	A	B	A	B	B	A	A	A	A	A	B	A	B	A	A	B	A	B	B	A	A	B	A	B	A	B	A	B	A	B	A	B	B	A	B	A	A	B	B	B	B	A	B	B	B	B	A	A	A	A	B	B	A	B	A	B	B	B	A	B	B	B	B	A	B	A	A	B	A	B	A	A	B	A	B	B	B	B	A	B	A
Bd1_1535361_80_F	Bd1	7.5	A	A	A	A	A	A	B	A	A	A	A	B	B	A	A	B	B	A	A	B	A	B	B	A	B	B	A	B	A	B	A	A	B	B	A	B	A	B	B	A	A	A	A	A	B	A	B	A	A	B	A	B	B	A	A	A	A	B	A	B	A	A	A	B	A	B	B	B	B	A	A	B	B	B	B	A	B	B	B	B	B	A	A	A	B	A	A	B	A	B	B	B	A	B	B	B	B	A	A	A	B	B	A	B	A	A	B	A	B	B	B	A	A	A	A
Bd1_2206659_60_F	Bd1	16.3	A	B	A	B	A	A	B	A	B	A	A	B	B	A	A	B	B	A	B	B	A	B	B	A	B	B	A	B	A	B	A	A	B	B	A	B	A	B	B	B	B	A	A	A	B	A	A	A	B	B	A	B	B	A	A	A	A	B	A	B	A	A	A	B	A	B	B	B	B	A	B	B	B	B	B	A	B	B	B	B	B	A	A	A	B	B	B	B	A	B	B	B	B	B	B	A	A	A	A	A	B	B	A	A	A	A	B	A	B	A	B	A	A	A	A
Bd1_2751547_60_R	Bd1	25.9	A	A	A	B	A	A	B	A	A	B	A	B	B	A	A	B	B	A	B	B	A	B	B	A	A	B	A	B	A	B	A	A	B	B	A	B	A	A	B	B	B	A	A	A	B	A	A	A	B	B	A	B	A	A	A	B	B	B	A	B	A	A	A	B	A	B	A	B	B	A	B	B	B	A	B	A	B	A	A	B	-	A	A	A	B	B	B	A	A	B	B	B	B	B	B	B	B	A	A	A	B	B	A	A	B	A	B	B	B	A	B	A	A	A	A
Bd1_3390792_60_F	Bd1	35.7	A	A	A	B	B	A	A	A	A	B	A	B	B	A	A	B	B	A	B	B	A	B	A	A	B	B	A	A	A	B	-	B	B	B	A	B	A	A	B	B	B	A	B	A	B	A	A	A	B	B	B	B	A	A	A	B	B	B	A	B	B	B	A	B	A	B	A	A	B	A	B	B	B	A	A	A	B	A	B	B	-	A	A	A	B	B	B	A	A	B	A	B	B	B	B	B	B	A	A	A	A	B	A	B	B	A	B	B	B	A	B	A	A	B	A
Bd1_3764590_60_F	Bd1	40.8	A	A	A	B	B	A	A	A	A	A	A	B	B	A	B	A	B	A	B	B	A	A	B	A	B	B	A	A	A	B	-	A	B	B	A	B	A	B	B	B	B	A	B	A	B	A	A	A	B	B	B	B	A	A	A	B	B	B	A	B	B	B	A	B	A	B	A	A	B	A	A	B	B	-	A	A	B	B	B	B	B	A	A	A	B	B	B	A	A	B	A	B	B	B	A	B	B	A	A	A	A	B	A	B	B	A	B	B	B	A	B	A	A	B	A
Bd1_4390942_60_F	Bd1	57.8	A	A	A	B	B	A	A	A	A	A	A	A	B	A	A	A	B	A	A	B	A	B	B	A	A	B	A	A	A	B	B	A	B	B	B	B	A	B	B	-	B	A	B	A	B	A	B	A	B	B	B	B	A	B	B	B	B	B	A	A	A	B	A	A	A	A	A	A	B	A	A	B	B	B	A	A	B	B	A	A	B	A	B	B	B	B	B	A	A	A	A	A	B	A	A	A	B	B	A	A	A	A	A	B	B	A	A	B	B	A	B	A	A	B	B
Bd1_5510069_60_F	Bd1	71.6	B	A	A	B	B	A	B	A	A	A	B	B	A	A	B	A	B	A	A	B	A	B	B	A	A	B	A	B	B	B	B	B	B	A	B	B	A	B	B	A	B	B	B	B	B	A	B	A	B	B	B	B	A	B	B	B	B	B	A	A	A	B	A	A	A	A	A	B	B	B	A	B	B	B	A	A	B	B	B	A	B	A	B	B	B	B	B	A	B	A	A	A	A	A	A	B	A	B	A	A	B	B	A	B	B	A	A	B	B	A	B	A	-	B	A
Bd1_6501425_60_F	Bd1	86.2	B	A	B	A	A	A	B	B	A	A	B	B	A	B	A	A	B	A	A	B	A	B	B	A	A	B	B	B	B	B	A	B	B	B	B	A	A	B	B	A	B	B	B	B	B	A	B	A	B	B	B	B	A	B	B	B	B	A	B	A	A	B	B	A	A	B	A	B	B	B	A	B	B	B	B	A	A	B	B	A	B	A	B	B	B	B	A	A	B	B	A	A	A	B	B	A	A	B	A	A	B	B	A	B	B	A	A	A	A	A	B	A	A	B	A
Bd1_7532746_60_F	Bd1	103.9	B	A	B	B	A	A	B	B	B	A	B	B	-	B	B	-	B	B	B	B	A	B	B	B	A	B	A	A	A	B	A	A	B	B	B	B	A	B	B	A	A	B	B	B	B	A	A	A	A	B	B	B	A	A	B	A	B	A	B	A	A	B	A	A	B	B	A	B	B	A	A	B	B	B	B	A	A	B	A	A	B	A	A	B	B	B	A	A	B	A	B	A	A	B	B	A	A	B	A	A	A	A	A	B	B	A	A	A	A	A	B	B	A	B	A
Bd1_8559630_60_F	Bd1	109.0	B	A	B	B	A	A	B	B	B	A	B	B	-	B	B	-	B	B	B	B	A	B	B	B	A	B	A	A	A	B	A	A	A	B	B	B	A	B	B	A	A	B	B	B	B	B	A	A	A	B	B	B	A	B	B	B	A	A	B	A	A	B	A	A	B	B	A	B	B	A	A	B	B	B	B	A	B	B	A	A	A	A	A	B	B	B	A	A	B	B	B	A	A	B	B	A	A	B	A	A	A	A	B	B	A	A	A	A	A	A	B	B	A	B	A
Bd1_9501221_100_F	Bd1	126.0	B	A	A	A	A	B	B	-	B	A	B	B	A	B	B	-	A	A	A	B	A	B	B	B	A	A	A	A	A	B	A	A	A	A	B	B	A	B	B	A	B	B	B	B	B	A	A	A	B	B	B	B	A	B	B	B	B	A	B	A	A	B	A	A	B	B	A	B	A	B	A	B	B	A	B	A	A	A	B	A	B	A	A	B	B	B	A	A	B	B	A	B	A	A	B	A	A	B	A	A	A	A	A	B	A	A	A	A	A	A	A	B	A	B	B
Bd1_10575345_144_F	Bd1	135.0	B	A	A	B	A	B	B	A	B	A	A	A	A	A	A	B	A	B	A	B	A	B	B	B	A	A	A	A	A	B	A	B	B	B	B	A	A	B	B	A	B	B	B	B	B	A	A	A	B	B	B	B	A	A	B	B	B	A	B	A	B	B	A	A	B	B	A	B	A	B	A	B	B	A	B	A	A	A	B	A	B	A	A	B	B	B	A	A	B	B	A	B	A	A	A	A	A	A	A	A	A	A	A	B	A	B	A	A	A	B	A	B	A	B	B
Bd1_12103765_60_F	Bd1	147.2	B	B	B	B	B	A	B	B	B	A	A	A	A	A	A	A	A	B	B	B	B	B	B	B	A	B	A	A	A	A	A	B	B	A	B	A	A	B	A	A	B	A	B	B	-	A	A	B	B	B	B	B	A	A	B	B	B	A	B	A	B	B	A	A	B	B	A	B	A	B	A	A	B	A	B	A	A	A	B	A	B	A	A	B	A	B	A	A	B	B	-	B	A	A	B	-	A	A	A	B	B	A	A	B	A	B	A	A	A	B	A	A	A	B	B
Bd1_14351869_60_R	Bd1	160.3	B	B	B	B	B	B	B	B	A	A	A	A	A	A	A	B	A	B	B	B	A	B	B	A	A	B	A	A	A	A	A	B	B	A	A	B	A	A	A	A	A	A	B	B	A	A	B	A	A	A	B	B	A	A	B	B	B	A	B	A	B	A	B	A	A	B	A	B	B	B	A	B	B	A	B	A	B	A	B	A	B	A	A	B	A	B	A	A	B	B	-	B	A	A	B	-	B	A	A	B	B	A	A	B	A	B	A	A	A	B	A	A	A	A	B
Bd1_16525224_60_F	Bd1	178.1	B	B	B	B	B	A	B	B	B	A	B	A	A	A	A	B	A	B	B	A	B	A	B	A	A	A	B	B	A	A	A	B	B	A	A	B	A	B	A	B	A	A	A	B	B	A	B	A	A	A	B	B	B	B	B	B	A	A	B	A	B	A	B	A	B	B	B	B	B	B	B	B	B	A	B	A	B	A	A	A	B	A	A	B	A	A	B	A	B	B	A	B	A	A	B	B	A	A	A	B	A	A	A	B	B	B	A	A	A	B	A	A	A	B	B
Bd1_18537456_60_R	Bd1	195.4	B	B	A	B	B	A	B	A	B	A	B	A	B	A	A	A	A	B	B	B	B	A	B	A	A	B	B	B	A	A	A	B	A	A	B	B	A	A	A	B	A	A	A	A	B	A	A	A	A	B	B	B	B	A	B	B	A	A	B	A	B	A	B	A	B	B	B	B	B	A	B	B	B	A	B	A	B	A	A	A	A	A	A	B	A	A	B	A	B	B	B	A	B	A	B	A	A	A	A	A	A	A	A	B	A	B	A	B	A	B	B	A	B	A	A
Bd1_20521536_60_F	Bd1	210.7	A	B	A	B	B	A	B	A	A	A	B	A	B	A	A	A	A	B	B	B	B	A	B	A	A	B	A	B	A	A	A	A	A	B	B	A	A	A	A	B	A	A	A	A	B	A	A	A	A	B	B	B	A	A	A	B	A	A	B	B	B	A	A	A	A	B	B	A	B	A	B	A	B	B	B	A	B	A	B	A	B	B	A	B	A	A	B	A	A	B	B	B	A	A	B	B	A	A	A	A	B	A	A	B	B	B	B	B	A	B	B	A	B	A	A
Bd1_22268024_103_F	Bd1	226.9	A	A	A	B	B	A	B	A	A	A	B	A	B	B	B	A	A	B	A	A	B	B	B	A	B	B	A	B	B	A	A	A	A	B	B	A	A	A	A	B	A	A	A	A	B	A	A	A	A	B	B	A	B	A	A	B	A	B	B	B	B	A	A	A	A	B	A	B	A	A	B	A	B	B	A	B	B	A	B	B	B	B	B	B	A	A	A	A	A	B	B	A	A	B	B	B	A	A	A	B	B	B	A	B	A	B	A	B	A	B	B	A	B	A	A
Bd1_25478624_60_F	Bd1	246.6	-	A	A	B	B	B	B	A	B	A	B	A	B	B	B	A	B	B	A	A	B	B	A	A	A	A	A	B	B	A	A	B	A	B	A	A	B	B	A	B	B	A	A	A	B	A	A	A	B	B	A	A	B	A	A	B	A	B	B	B	B	A	A	B	A	B	A	A	A	B	B	B	B	B	A	B	B	A	B	B	A	B	B	B	A	A	A	A	B	B	A	A	B	A	B	A	B	B	A	B	B	B	A	A	A	B	A	B	A	A	B	A	B	B	A
Bd1_28686369_128_F	Bd1	266.6	B	B	B	B	B	A	B	A	A	A	A	A	B	B	B	A	B	B	A	A	A	B	B	A	B	A	A	B	B	B	A	B	B	B	A	A	A	A	A	B	B	B	B	B	B	A	A	A	B	B	B	-	A	A	B	A	A	B	A	B	B	A	B	B	B	B	B	A	A	B	B	B	A	A	A	B	B	A	B	B	A	B	B	B	A	A	A	B	B	B	A	A	B	A	B	A	B	B	A	B	B	B	A	B	A	B	A	B	A	A	B	A	B	A	A
Bd1_29589587_60_F	Bd1	278.6	B	B	B	B	B	A	B	A	A	A	A	A	B	A	B	A	B	B	A	A	A	A	B	A	B	A	A	B	B	B	B	B	B	B	A	A	B	B	A	B	A	A	B	B	B	A	A	A	A	B	B	A	A	A	B	B	A	B	A	B	A	A	B	B	B	B	B	A	A	B	B	B	A	B	A	A	A	A	B	A	A	B	B	B	B	A	A	B	B	B	A	A	B	A	B	A	B	B	A	B	A	B	A	A	A	B	A	B	A	A	A	A	A	B	A
Bd1_30492364_60_F	Bd1	288.1	B	B	B	B	B	A	B	A	A	A	A	B	B	A	B	A	B	B	A	A	A	A	B	A	B	A	A	A	B	B	B	A	B	B	A	A	B	B	A	B	A	A	B	B	A	A	A	A	A	B	A	A	A	A	B	B	A	B	A	B	A	A	A	A	A	B	B	A	B	B	B	B	A	A	A	A	A	B	B	B	A	B	B	B	B	A	A	B	B	B	A	B	B	A	B	A	B	B	B	B	A	B	B	A	A	B	B	A	A	A	A	A	A	B	A
Bd1_31965256_60_F	Bd1	297.6	B	A	B	B	B	A	B	A	A	A	A	B	B	A	B	A	A	B	B	A	B	A	A	B	A	A	A	A	B	A	B	A	A	B	A	A	B	A	A	B	A	A	B	B	B	A	B	A	A	B	B	A	A	A	B	B	A	B	A	B	A	A	A	A	A	B	B	A	B	B	B	B	A	A	A	A	A	B	A	B	A	B	B	B	A	B	A	B	B	B	A	A	B	A	B	A	B	B	B	B	A	B	B	A	A	B	B	A	A	A	A	A	A	B	A
Bd1_33837986_60_R	Bd1	312.0	B	A	B	B	A	A	B	A	B	B	A	A	B	A	B	A	A	B	B	A	B	A	B	A	A	A	A	B	B	A	B	A	A	B	A	A	B	A	A	B	A	B	A	B	B	A	B	B	A	B	B	A	B	A	B	A	A	A	A	B	A	A	A	A	A	B	B	A	B	B	A	A	A	A	A	A	B	B	A	B	A	B	B	B	A	B	A	B	B	A	A	A	B	A	B	B	A	B	B	B	B	A	A	A	A	B	B	A	B	A	A	A	A	B	A
Bd1_38466252_60_F	Bd1	317.6	A	A	B	B	A	A	B	A	B	A	A	A	B	A	B	A	A	B	B	A	B	A	B	A	A	A	A	B	B	B	B	B	A	B	A	A	B	A	A	B	A	B	A	B	B	A	B	B	A	B	B	A	B	A	A	A	A	A	A	B	B	A	A	A	A	B	B	A	B	B	A	A	A	A	A	A	B	B	A	B	A	B	A	A	A	B	A	B	B	A	A	B	B	B	B	B	A	B	B	B	B	A	A	A	A	B	A	A	B	A	A	A	A	B	A
Bd1_42226528_60_F	Bd1	326.4	A	A	B	B	A	A	B	A	B	A	A	A	B	A	A	A	A	B	B	A	B	A	B	A	A	A	A	B	A	A	B	B	A	B	A	A	B	A	A	B	A	A	A	A	B	A	B	B	A	B	B	A	B	A	A	A	A	B	A	B	B	A	A	A	A	B	B	B	B	B	B	B	A	A	A	A	B	B	A	B	A	A	A	A	A	B	A	B	B	B	B	B	A	A	B	B	A	B	B	B	B	A	A	B	A	B	A	A	B	A	A	A	A	B	B
Bd1_44797371_60_R	Bd1	345.8	A	B	A	A	A	A	B	A	A	A	A	B	B	A	B	A	A	B	A	A	A	B	B	A	B	A	A	B	A	B	B	A	A	B	A	B	B	A	B	B	A	A	A	A	B	A	B	B	B	B	B	A	B	A	A	A	A	B	A	B	B	A	A	A	A	B	B	B	B	A	B	B	B	A	A	A	A	B	A	B	A	A	B	A	B	B	A	B	A	B	B	B	B	B	B	A	A	B	B	A	B	A	A	B	B	B	A	A	A	A	A	A	A	B	A
Bd1_46087123_60_R	Bd1	356.9	A	B	A	B	B	B	A	A	A	B	A	A	A	A	B	B	A	B	A	A	A	A	B	A	B	A	A	B	A	B	B	A	A	B	A	A	B	A	B	B	A	A	A	A	B	A	B	A	A	B	B	B	B	A	A	B	A	B	A	B	B	A	A	A	A	B	B	A	B	A	B	A	B	A	A	A	A	B	A	B	A	A	B	A	B	B	A	B	A	B	B	B	B	B	B	A	A	B	A	A	B	A	A	B	B	B	A	A	A	A	B	A	B	B	A
Bd1_47377165_60_F	Bd1	363.7	A	B	B	B	B	B	A	B	A	B	A	A	A	A	B	B	A	B	A	A	A	A	B	B	B	A	A	B	A	B	B	A	A	A	A	A	B	A	B	B	A	A	A	A	B	A	B	A	A	B	B	A	B	A	A	B	A	B	A	B	B	B	A	A	A	B	B	A	B	A	B	A	A	B	A	A	A	B	A	B	A	A	B	A	B	B	A	A	A	A	B	B	B	B	B	A	A	B	A	A	B	A	A	A	B	B	A	A	A	B	B	B	B	B	A
Bd1_48659026_60_R	Bd1	372.5	A	B	B	B	B	B	A	B	A	B	A	A	A	A	B	A	A	B	B	A	A	B	B	B	A	A	B	B	A	A	B	A	A	B	A	A	B	A	B	B	A	A	A	A	B	A	B	A	A	B	B	A	A	A	A	B	B	B	A	B	A	B	A	A	A	B	B	A	A	A	B	A	A	B	A	A	A	B	A	B	A	A	B	A	B	B	A	A	A	A	B	B	A	B	A	A	A	B	A	A	B	A	A	A	B	A	A	A	A	A	B	B	A	B	A
Bd1_49940174_60_F	Bd1	386.0	A	B	B	B	B	B	A	B	A	B	A	B	A	A	A	A	A	B	B	A	A	B	B	B	A	A	B	B	A	A	B	A	A	B	A	A	B	A	B	B	B	A	A	A	B	A	B	A	B	B	A	A	A	A	A	B	A	A	B	A	A	B	A	A	A	B	B	A	A	A	B	A	B	B	A	A	B	B	A	B	A	A	B	A	B	B	A	A	A	B	A	B	A	B	A	A	A	B	B	B	B	B	A	A	B	A	A	A	B	A	A	A	B	A	B
Bd1_50804055_60_R	Bd1	398.0	B	B	B	B	A	A	B	B	A	B	A	B	A	B	A	A	B	B	B	A	A	B	B	B	A	B	A	A	A	A	A	A	A	B	A	A	B	A	B	A	B	A	A	A	B	A	A	A	B	B	A	B	A	A	A	B	A	A	B	A	A	B	A	A	B	B	B	A	A	A	B	A	B	B	A	B	B	B	A	B	A	A	B	A	B	B	A	A	A	A	A	B	A	B	A	A	A	A	B	B	A	B	A	A	B	-	A	A	B	A	A	A	A	A	A
Bd1_52521087_60_F	Bd1	404.8	B	B	B	B	A	A	B	B	A	B	A	B	A	B	A	B	B	B	B	A	A	B	B	B	A	B	A	A	A	A	A	A	B	B	A	A	B	A	B	A	B	A	A	A	B	B	B	A	B	A	A	B	B	A	A	B	A	A	A	A	A	A	A	A	B	B	B	A	A	A	B	B	B	B	A	B	B	A	A	B	A	A	B	A	B	B	A	A	A	A	B	B	A	B	A	A	A	A	B	B	A	B	A	A	A	-	A	A	A	A	A	A	A	A	A
Bd1_54178074_60_F	Bd1	423.4	B	B	A	B	B	B	B	B	B	A	A	B	B	B	B	A	B	B	A	A	A	B	B	B	A	B	A	B	A	A	A	A	B	A	A	A	B	A	B	A	B	A	A	A	B	B	B	A	B	A	A	B	B	A	B	A	A	A	B	A	A	A	B	A	B	B	B	B	B	A	B	B	B	A	A	B	B	A	A	B	A	A	A	B	B	B	A	A	A	A	B	B	A	A	A	B	A	A	A	B	A	B	A	B	A	A	A	A	B	A	B	A	B	A	A
Bd1_55841145_60_F	Bd1	436.9	B	B	A	B	B	A	A	B	B	A	A	B	B	B	A	A	B	B	A	A	B	B	A	B	A	B	A	B	A	A	A	B	B	B	A	A	B	A	B	B	B	A	B	A	B	B	B	A	B	B	A	B	B	A	B	B	B	A	A	A	B	A	B	A	B	B	B	B	B	A	A	B	A	A	A	B	B	A	A	B	A	A	A	B	B	B	A	A	A	A	B	B	B	A	A	B	A	A	A	B	A	B	B	A	A	A	B	A	B	A	B	A	A	B	A
Bd1_57501712_60_F	Bd1	445.0	B	B	A	B	B	A	A	B	B	A	A	B	B	A	B	A	B	A	A	A	B	B	B	B	A	B	A	B	A	A	A	B	B	B	A	B	B	B	B	B	B	A	B	A	A	B	B	B	B	B	A	B	B	A	B	B	B	A	A	A	B	B	B	A	B	B	B	B	B	A	A	B	A	A	A	B	B	A	A	B	A	A	A	A	B	B	A	A	A	A	B	B	B	A	A	B	A	A	A	B	A	A	B	A	B	A	B	A	B	A	A	B	A	B	B
Bd1_62016278_117_R	Bd1	456.1	B	B	A	B	B	A	A	B	B	A	A	A	B	B	B	B	B	A	A	A	B	B	B	B	B	B	A	B	B	A	A	B	A	B	A	B	A	B	B	B	B	A	A	A	A	B	B	B	B	B	A	A	B	A	B	B	B	B	A	A	B	B	B	A	B	B	A	A	B	A	A	B	A	A	A	B	B	A	A	A	A	A	A	B	B	B	A	B	A	A	B	B	A	A	A	B	A	B	A	B	A	A	B	A	B	A	B	A	B	B	A	B	B	B	B
Bd1_64444571_60_F	Bd1	475.5	B	B	A	A	B	A	B	B	B	A	A	A	A	B	A	A	B	A	A	A	B	B	B	B	B	B	A	B	B	B	B	B	A	A	B	B	A	B	A	A	B	B	B	A	A	B	A	B	B	B	B	A	B	A	B	B	B	B	A	B	B	B	A	A	B	B	A	A	B	A	A	A	A	A	A	B	A	A	A	A	A	A	A	A	B	A	A	B	A	A	B	B	B	A	A	B	A	B	A	B	B	B	B	A	A	B	B	A	B	A	A	B	B	A	B
Bd1_66105911_60_R	Bd1	493.8	B	A	A	B	B	A	B	B	A	A	B	B	B	A	A	A	A	A	B	A	B	A	B	B	B	B	A	B	B	B	A	A	A	A	B	B	A	B	A	A	B	B	A	A	A	B	A	A	B	B	B	A	A	A	B	B	B	B	A	B	B	A	A	A	B	B	A	A	B	A	A	A	A	B	A	B	B	A	B	A	B	A	A	A	A	B	A	B	A	A	B	B	A	A	A	A	A	B	A	B	B	B	B	A	A	B	B	A	A	A	B	B	B	A	A
Bd1_67768250_89_F	Bd1	510.1	A	A	A	B	B	B	A	A	A	A	A	A	B	A	A	A	A	A	B	A	B	A	A	B	B	B	A	B	B	B	A	B	A	A	B	B	A	B	A	A	B	B	A	B	A	B	A	A	A	A	B	A	A	A	B	B	B	B	A	B	B	B	A	A	B	B	A	A	B	B	A	A	A	B	A	A	A	B	B	B	B	A	B	A	A	B	A	B	A	A	B	A	A	A	A	A	A	B	A	B	A	B	A	B	A	B	B	A	A	A	A	B	B	B	B
Bd1_69266832_60_F	Bd1	526.4	B	A	B	A	A	A	A	A	A	A	A	A	B	A	A	A	A	A	B	A	A	A	A	B	B	B	A	A	B	A	A	B	B	A	B	A	A	B	A	A	A	A	A	B	A	B	A	A	A	A	A	A	A	A	B	B	A	A	A	A	A	B	A	A	B	B	A	A	B	B	A	A	A	B	A	A	A	B	A	B	B	A	A	A	A	B	A	A	A	A	B	A	A	A	A	A	A	B	A	B	A	A	B	B	A	B	B	A	A	A	A	A	B	A	A
Bd1_69877569_60_R	Bd1	534.5	B	A	B	A	A	B	A	A	A	A	A	A	A	A	A	A	A	A	B	A	A	A	A	B	B	A	A	A	B	A	A	B	B	A	B	A	A	A	B	A	A	B	A	A	A	B	A	A	A	A	A	A	B	A	A	B	A	A	A	A	A	B	A	A	B	B	A	A	B	B	A	A	A	B	A	A	A	B	A	B	B	A	A	A	A	A	A	A	B	A	B	A	A	A	A	A	B	B	A	B	B	A	B	B	A	B	B	A	B	A	A	A	A	A	A
Bd1_71179514_60_R	Bd1	550.8	A	A	A	A	A	B	A	A	A	A	A	A	A	A	A	A	A	A	A	A	A	A	A	B	A	A	A	A	B	A	A	A	B	A	A	A	A	A	A	A	A	B	A	A	A	A	A	A	B	B	A	A	A	A	A	A	A	A	A	A	A	A	A	A	A	A	A	A	B	A	B	A	A	B	A	A	B	A	A	A	B	A	A	A	A	A	A	A	B	A	A	A	A	A	A	A	A	B	A	A	B	A	B	A	A	A	B	A	B	A	A	A	A	A	A
Bd1_72293803_60_R	Bd1	565.1	A	A	A	A	A	A	B	A	A	B	A	A	A	A	A	A	B	A	A	A	A	A	A	A	A	A	A	A	B	A	A	A	B	A	A	A	A	A	B	A	B	A	A	A	A	A	A	A	B	A	B	A	A	A	A	A	A	A	A	A	A	A	A	A	A	A	A	A	A	B	A	B	A	A	A	A	A	B	A	A	A	A	A	A	A	A	A	A	A	A	A	A	A	A	A	A	A	B	A	A	B	A	B	A	B	A	A	A	A	A	A	A	B	A	A
Bd1_73009640_60_F	Bd1	571.3	A	A	A	A	A	A	B	A	A	B	A	A	A	A	B	A	B	A	A	A	A	A	A	A	A	A	A	A	B	A	A	A	B	A	A	A	A	A	B	A	A	A	A	A	A	A	A	B	A	A	B	A	A	A	A	A	A	A	B	A	A	A	A	A	A	A	A	A	A	B	A	B	A	A	A	A	A	A	A	A	A	A	A	A	A	B	A	A	A	A	B	A	A	A	A	A	A	B	B	A	B	A	B	A	B	A	A	A	A	A	B	B	A	A	A
Bd1_74311212_60_F	Bd1	589.7	A	A	B	A	A	B	B	A	A	B	A	A	A	B	B	A	B	A	A	A	A	A	B	B	A	A	A	A	B	A	A	A	B	A	A	A	B	A	B	A	A	A	B	A	A	A	A	B	A	A	B	A	B	B	A	A	A	B	B	B	A	A	A	A	A	A	A	B	A	B	B	B	A	A	A	A	A	B	A	B	B	A	A	A	A	B	A	A	A	A	A	A	A	A	A	A	B	A	B	A	B	A	A	B	A	B	B	B	B	A	A	B	A	A	A
Bd2_6789_60_F	Bd2	0.0	B	B	A	A	B	A	A	B	B	B	B	B	A	A	A	A	A	B	B	A	B	B	A	A	A	B	B	B	A	B	B	A	B	B	A	A	B	B	B	A	A	A	B	B	B	B	A	B	A	A	A	A	B	A	A	A	B	A	B	B	A	A	B	A	B	A	B	A	A	B	B	A	A	B	B	A	B	A	A	B	A	B	B	A	A	A	A	A	B	A	A	A	B	B	B	A	B	B	B	A	B	A	B	A	B	B	A	A	B	A	B	A	B	B	B
Bd2_1505332_60_F	Bd2	12.8	B	B	A	A	B	A	A	B	B	B	B	A	A	B	B	B	A	B	A	A	B	B	B	A	A	A	B	B	A	A	B	B	B	B	A	A	A	A	B	A	A	A	B	B	B	B	A	B	A	A	A	A	A	A	A	A	B	A	A	B	A	A	B	A	B	A	B	B	A	B	A	B	A	A	B	A	B	A	A	B	A	B	B	A	A	A	A	A	B	A	-	A	B	B	B	A	B	B	B	B	B	B	B	A	B	B	A	A	A	A	B	A	B	A	B
Bd2_3035140_60_F	Bd2	26.5	A	B	A	A	B	A	A	B	B	B	B	A	A	A	B	B	A	B	A	A	B	A	B	B	A	B	B	A	A	A	B	B	B	B	A	B	A	A	B	A	A	A	B	B	B	B	A	B	A	A	A	A	A	A	A	B	B	A	A	A	B	A	B	A	B	A	B	B	A	B	A	B	B	B	A	A	B	B	A	A	A	B	B	A	A	A	A	A	B	A	B	B	B	B	B	B	A	B	B	B	B	A	A	A	A	B	A	A	A	A	B	A	A	A	B
Bd2_3624815_60_F	Bd2	39.3	A	B	A	B	B	A	A	B	B	B	B	A	A	A	B	B	A	B	A	B	B	A	B	B	A	B	B	A	A	A	A	B	B	B	A	B	A	A	B	A	B	B	B	B	B	B	A	B	B	A	B	A	A	A	A	B	B	A	A	A	A	A	B	A	B	B	A	B	B	A	A	B	B	A	A	A	A	B	A	A	A	B	B	A	A	A	A	B	A	A	B	A	A	B	B	B	A	A	B	B	B	A	B	A	A	B	A	B	-	A	B	A	A	A	B
Bd2_4214116_60_F	Bd2	55.7	B	B	A	B	A	A	B	B	B	B	A	A	A	A	B	B	A	A	A	B	A	A	A	B	A	B	B	A	B	A	A	B	B	A	B	B	A	A	B	A	A	B	B	B	A	B	A	B	A	A	B	A	A	B	A	B	B	A	A	A	A	A	B	A	B	B	A	B	B	A	A	B	B	B	A	A	A	B	B	A	A	B	B	A	B	B	A	B	A	A	B	A	A	B	A	B	A	B	B	B	A	A	B	A	B	B	A	A	A	B	A	A	A	A	B
Bd2_4620365_60_R	Bd2	67.6	B	B	A	B	A	A	B	B	B	A	B	A	B	A	B	A	A	A	A	A	A	A	A	B	B	B	B	A	B	A	A	B	B	A	B	B	A	A	B	A	A	B	B	A	A	A	A	B	A	A	B	B	A	B	A	B	B	A	B	B	B	A	B	A	B	A	A	A	B	B	A	B	B	B	A	A	A	A	B	A	A	B	B	A	B	B	A	B	B	A	B	A	B	B	A	B	A	B	B	B	B	A	B	A	B	B	A	A	A	B	A	A	B	A	B
Bd2_5508348_60_F	Bd2	81.9	B	A	A	B	A	A	B	B	B	B	B	A	A	A	B	A	A	A	A	A	A	A	B	B	A	B	B	A	B	A	A	B	B	B	B	B	A	A	A	A	B	B	A	A	A	A	A	B	B	A	B	B	A	B	B	B	B	A	B	A	B	A	B	A	A	B	A	A	B	B	A	B	B	B	A	A	B	A	B	B	B	A	B	A	B	B	A	B	A	A	B	A	A	B	A	B	A	A	B	B	B	A	B	A	B	A	A	B	A	B	A	A	B	A	B
Bd2_7800289_60_F	Bd2	101.4	A	B	B	B	A	B	B	B	B	B	B	A	A	B	B	A	A	A	A	A	A	B	A	B	B	B	B	B	B	A	A	A	A	B	B	A	A	A	A	A	B	B	A	A	A	A	A	B	B	A	B	B	A	B	A	B	B	A	B	B	B	A	B	A	A	A	A	B	A	A	A	B	B	B	B	A	B	A	B	B	B	A	B	A	B	B	A	B	A	A	A	A	A	A	A	A	A	B	B	A	A	A	B	B	B	B	A	B	A	B	A	B	B	A	B
Bd2_10194622_60_F	Bd2	116.7	B	B	B	B	A	B	A	B	B	B	B	A	A	B	B	A	B	A	A	A	A	B	A	B	B	A	B	B	B	A	A	A	A	B	B	A	B	B	A	B	B	B	A	A	B	A	A	B	B	A	B	A	B	B	A	B	B	A	B	B	B	A	B	A	A	B	A	B	B	A	A	B	B	A	B	A	B	A	A	A	B	A	A	B	B	A	A	B	B	B	A	A	A	B	A	A	A	B	B	A	A	A	B	B	B	B	A	A	A	A	A	A	B	A	B
Bd2_12593024_60_F	Bd2	126.9	B	B	A	B	A	B	A	B	A	A	B	A	B	B	B	A	B	A	A	A	A	B	B	B	B	B	B	B	B	A	A	A	A	B	B	A	B	A	A	B	B	A	A	B	B	A	A	B	B	A	B	A	B	B	B	B	B	A	B	B	B	A	B	A	A	B	A	A	B	A	A	B	B	A	B	A	B	A	A	B	B	A	B	B	B	A	A	B	B	B	A	A	A	B	A	A	A	B	B	B	A	A	B	A	B	B	A	B	B	A	A	A	B	B	B
Bd2_14991875_60_F	Bd2	145.5	A	A	A	B	A	B	A	B	B	A	B	A	A	B	A	A	B	A	B	A	A	A	A	A	B	B	B	B	B	A	A	A	A	B	B	A	A	B	A	B	B	A	A	A	B	B	A	B	B	B	B	A	B	B	B	B	A	A	B	B	B	B	A	A	A	B	A	A	B	A	B	B	A	A	B	A	B	A	B	B	A	A	B	B	B	A	A	B	B	B	A	A	B	A	A	A	A	B	B	B	A	A	B	B	B	B	B	A	B	A	-	A	B	B	A
Bd2_16681881_60_F	Bd2	160.5	A	A	A	B	A	B	A	B	B	A	B	A	A	B	B	B	B	A	B	A	A	B	A	A	A	B	A	B	B	A	A	A	B	B	B	A	A	B	A	B	B	A	A	B	B	A	B	B	B	B	B	A	A	B	B	B	A	A	B	B	B	B	A	B	B	A	A	A	B	A	B	B	A	B	B	B	B	A	B	B	A	A	B	B	B	B	-	-	B	B	A	B	A	A	B	A	A	B	B	A	A	B	B	A	B	B	B	A	B	A	B	A	B	B	B
Bd2_17518832_60_R	Bd2	173.4	B	A	A	B	A	B	A	B	B	A	B	A	B	B	B	A	B	A	B	A	A	A	B	A	A	B	A	B	B	A	A	B	B	B	A	A	B	A	A	B	B	A	A	B	B	B	B	B	B	B	B	A	B	B	B	B	A	A	B	A	B	B	A	B	B	A	A	A	B	B	B	B	A	B	B	B	B	A	B	B	A	A	B	A	A	B	A	B	B	B	A	B	A	A	B	B	A	A	A	A	B	B	B	A	A	B	B	A	B	A	B	A	B	B	A
Bd2_18355626_60_F	Bd2	180.9	A	A	A	B	A	B	A	B	B	A	B	A	B	B	B	B	B	A	B	A	A	A	B	A	A	B	A	B	B	A	A	B	B	B	A	A	B	B	A	B	B	A	A	B	A	B	B	B	B	B	B	A	B	B	B	B	A	A	A	A	B	B	A	B	B	B	A	A	A	B	B	A	A	A	B	B	B	A	B	B	A	A	A	A	A	B	A	B	B	B	A	B	B	A	A	B	B	A	A	A	B	B	B	A	A	B	A	A	B	A	B	A	B	B	A
Bd2_20026549_60_F	Bd2	191.1	A	A	A	B	A	B	A	B	B	A	B	A	B	B	B	A	B	A	B	A	B	A	B	A	A	B	A	B	B	A	A	A	B	B	A	A	A	B	B	B	B	A	A	B	A	B	B	B	B	B	A	A	B	B	B	B	A	B	A	A	B	B	A	A	B	B	A	A	A	B	B	A	A	A	B	A	B	A	B	B	A	A	A	A	B	B	A	B	B	A	A	B	B	A	A	A	B	A	B	B	B	B	A	A	A	B	B	A	B	A	B	B	A	B	A
Bd2_21701486_60_F	Bd2	201.6	B	A	A	B	A	B	A	B	B	A	B	A	B	B	B	A	B	A	A	B	B	A	B	A	A	B	A	B	B	A	A	A	B	B	A	A	A	B	A	B	A	B	A	B	A	B	B	B	A	B	A	A	A	A	B	B	B	B	A	A	B	A	B	A	B	B	A	A	A	B	B	B	A	A	B	A	B	A	B	B	A	A	A	A	B	B	A	B	B	A	A	B	B	-	A	A	B	A	B	B	B	B	B	B	B	B	B	A	B	B	B	-	A	A	A
Bd2_33424897_60_R	Bd2	216.4	B	A	A	B	B	B	A	A	B	B	B	A	B	B	B	A	B	A	A	B	B	A	B	A	A	B	A	B	B	A	A	A	B	B	A	B	A	B	B	A	A	B	A	B	A	A	B	B	A	B	A	A	B	A	B	B	B	B	B	A	B	B	A	B	B	B	A	A	A	B	B	B	A	B	A	A	B	A	B	B	A	A	B	A	B	A	A	A	B	B	A	A	B	A	A	A	B	A	B	B	B	B	B	A	B	A	B	A	B	B	A	B	A	B	A
Bd2_35173708_60_F	Bd2	233.9	B	-	A	B	A	B	B	B	A	B	A	A	A	A	B	A	A	B	A	B	B	A	B	A	A	B	A	B	B	A	B	A	B	B	A	B	B	B	B	A	B	B	B	A	A	B	A	B	B	B	A	A	B	A	A	A	B	B	B	A	B	A	A	B	B	A	A	A	A	B	B	B	A	B	A	A	B	A	B	B	A	A	B	A	B	B	A	A	B	B	A	A	B	A	A	A	B	A	B	B	B	B	A	A	B	A	A	B	B	A	A	B	A	B	A
Bd2_36989134_60_R	Bd2	250.4	B	A	A	B	B	B	B	B	A	B	A	A	A	A	B	A	A	A	A	B	A	B	A	A	A	B	A	A	A	A	A	A	A	B	B	B	B	B	B	A	B	B	B	A	A	B	A	B	B	B	B	A	B	A	B	A	B	A	B	A	B	A	A	A	B	A	A	A	A	B	B	B	A	B	A	B	B	B	A	B	B	A	B	A	A	B	B	B	B	B	A	A	B	B	A	B	A	A	B	B	B	B	A	B	B	A	A	B	B	A	A	B	A	B	A
Bd2_38803967_60_F	Bd2	266.9	B	A	A	B	B	B	-	B	A	B	A	A	A	B	A	A	A	B	B	B	A	A	B	A	B	B	A	A	B	A	A	A	A	B	B	B	B	B	B	A	B	B	B	A	A	B	A	B	B	A	B	A	B	A	B	B	B	A	B	A	B	B	A	A	B	A	A	A	A	A	B	B	A	B	A	B	B	B	A	B	B	A	B	B	A	A	B	B	B	B	A	B	A	A	A	B	A	A	A	B	B	A	A	A	A	A	B	A	B	A	A	B	A	A	B
Bd2_41957004_123_R	Bd2	285.7	B	A	A	B	B	B	A	B	A	A	A	A	A	B	A	A	A	A	B	B	A	A	B	A	B	A	A	A	B	B	A	A	A	B	B	B	B	B	B	A	-	A	B	B	A	B	B	B	B	B	B	A	B	A	B	B	B	A	B	A	B	B	B	A	B	A	A	A	B	B	A	B	A	B	A	B	A	B	B	B	B	A	A	B	B	A	A	B	A	B	A	B	A	B	B	B	B	A	A	A	B	B	A	B	B	B	B	A	B	A	A	B	B	A	B
Bd2_44203843_60_F	Bd2	292.0	B	A	A	B	B	B	A	B	A	A	A	A	B	B	A	A	A	A	B	B	A	B	B	A	B	A	A	A	A	B	A	A	A	A	B	B	B	B	B	A	B	A	B	B	A	B	B	A	A	B	B	A	B	A	B	B	B	B	B	A	B	B	B	A	B	A	B	A	B	B	A	B	A	B	A	B	A	B	B	B	A	A	A	B	B	A	A	B	A	B	A	A	A	A	B	B	B	A	A	A	B	B	A	B	B	B	B	A	B	B	A	B	B	A	B
Bd2_46687955_60_R	Bd2	309.3	B	A	B	A	B	B	A	B	B	A	A	B	B	B	A	B	A	A	B	B	B	B	B	A	B	A	B	A	B	A	A	A	A	A	B	A	B	B	A	A	B	A	B	B	A	A	B	A	B	B	B	A	B	B	B	B	B	B	B	A	B	B	B	A	A	A	B	B	B	B	B	B	B	B	A	A	A	B	B	A	A	B	A	B	B	A	A	B	A	B	A	A	B	A	B	A	A	A	A	B	B	B	B	B	B	B	B	A	B	B	A	B	B	A	B
Bd2_48090317_60_F	Bd2	316.2	B	A	B	A	B	B	A	B	B	A	A	B	B	B	A	B	A	A	A	A	B	B	-	A	B	A	B	A	B	A	A	A	A	B	B	A	B	B	B	B	B	A	-	B	A	B	B	A	B	A	B	A	B	B	B	B	B	B	B	A	B	B	B	A	B	A	B	B	B	B	B	B	B	B	A	A	A	B	B	A	A	A	A	B	B	A	A	B	A	B	A	A	A	B	B	A	A	A	B	B	B	B	B	B	B	B	B	A	B	B	A	B	B	B	B
Bd2_49190881_60_F	Bd2	326.7	B	A	B	A	B	A	A	B	B	A	A	B	B	B	B	B	A	B	A	A	B	A	B	A	B	A	B	A	B	A	A	A	A	B	A	A	B	A	B	B	B	A	A	B	A	B	B	A	B	B	B	A	B	B	B	B	B	A	B	B	B	A	B	A	B	B	B	B	B	A	B	B	B	A	A	A	A	B	B	B	A	B	A	B	B	A	A	B	A	B	A	A	A	B	A	A	A	A	B	B	B	B	A	B	B	A	B	A	B	B	A	B	B	B	B
Bd2_49941110_60_F	Bd2	331.2	B	A	A	A	B	A	A	B	A	A	A	B	B	B	B	B	A	B	A	A	B	A	B	A	B	A	B	A	B	A	A	A	A	B	A	A	B	A	A	B	B	A	A	B	A	B	B	A	B	B	B	A	B	B	B	B	A	A	B	B	B	A	B	A	B	B	B	B	B	B	B	B	A	A	A	-	A	B	B	B	B	B	A	A	B	A	A	B	A	B	A	A	A	B	A	A	A	A	B	B	B	B	A	B	A	A	B	A	B	B	A	B	B	B	B
Bd2_50744501_60_F	Bd2	344.9	A	B	A	A	B	A	B	A	A	A	A	B	A	B	B	B	B	B	A	A	B	A	A	A	A	A	B	A	B	A	A	A	A	B	A	A	B	A	A	B	B	B	A	B	A	A	B	A	B	B	B	B	B	B	B	B	A	A	B	A	B	A	B	A	B	B	A	A	B	B	B	B	A	B	A	A	A	B	B	B	A	B	A	A	B	B	A	B	A	B	A	B	A	B	B	A	A	A	B	B	B	B	A	B	A	A	B	A	B	B	B	A	B	A	B
Bd2_51746686_60_F	Bd2	353.7	A	B	A	A	B	A	B	A	A	B	A	B	A	B	B	B	B	B	B	A	B	A	A	A	A	A	B	A	B	A	A	B	A	B	A	A	B	A	B	B	B	B	A	B	A	A	B	A	B	A	B	B	B	B	B	B	A	A	B	B	B	B	B	A	B	A	A	A	B	B	A	B	A	B	A	A	B	A	B	B	B	B	A	A	B	B	A	A	A	B	A	B	A	B	B	A	A	A	A	B	B	B	B	B	A	B	B	A	B	B	B	A	B	A	B
Bd2_52977334_60_F	Bd2	359.3	A	B	A	A	B	A	B	A	A	B	A	B	A	B	B	B	B	B	B	A	B	A	A	A	A	A	B	A	B	A	B	B	B	B	A	A	B	A	B	B	B	B	A	B	B	A	B	A	B	A	B	B	B	B	B	A	A	A	B	B	B	B	B	A	A	A	A	A	B	B	A	B	B	B	A	A	B	A	B	B	B	B	A	A	B	B	A	A	B	A	A	B	A	B	B	A	A	A	A	B	B	B	B	B	B	B	B	B	B	B	B	A	B	A	A
Bd2_53870898_60_F	Bd2	369.8	B	B	A	A	B	A	B	A	A	B	B	B	A	B	-	B	B	B	B	A	B	A	A	A	B	A	-	A	B	B	B	B	B	A	A	A	B	A	B	B	B	B	B	B	B	B	B	A	B	A	B	B	B	A	B	B	B	A	B	A	A	B	B	A	B	A	A	A	B	B	B	B	B	B	A	A	B	A	B	B	B	B	A	B	B	A	B	A	B	A	A	B	A	B	B	A	A	A	A	B	B	B	B	B	A	B	B	B	B	B	B	A	B	A	A
Bd2_54942542_60_F	Bd2	382.7	B	A	A	A	B	A	B	A	A	B	A	B	A	B	A	B	B	B	B	A	B	A	A	B	B	A	B	A	B	B	B	B	A	A	A	A	B	B	B	B	B	B	A	B	B	B	B	A	B	A	B	B	B	A	B	B	B	A	B	A	B	B	B	A	B	A	B	B	B	B	B	B	B	B	A	A	B	B	B	A	B	B	B	B	B	A	B	A	A	B	A	B	B	A	A	A	A	A	A	A	A	B	B	B	A	A	B	B	B	B	B	B	B	A	A
Bd2_56003569_60_R	Bd2	400.0	B	A	A	A	B	B	B	A	A	B	A	B	A	B	A	B	B	B	B	B	A	A	A	B	B	A	B	B	B	B	B	B	A	B	A	B	B	B	B	A	B	B	B	B	B	B	A	A	B	A	B	B	A	A	B	B	B	A	B	A	B	B	B	A	B	A	B	B	B	B	A	B	B	B	B	B	B	B	B	A	B	B	B	B	A	B	B	A	A	B	A	B	A	A	B	B	A	A	B	B	A	A	B	B	A	B	B	B	B	A	B	A	A	A	B
Bd2_56523318_60_F	Bd2	413.0	B	A	B	B	B	A	B	A	A	B	A	B	B	B	A	B	B	A	B	A	A	A	A	B	B	A	B	B	B	B	A	B	A	B	A	B	B	B	B	A	B	B	B	B	-	A	A	A	B	A	B	B	A	A	B	B	B	A	B	A	B	B	B	-	B	A	B	B	B	B	A	B	B	A	A	B	B	B	B	A	A	B	B	A	A	B	B	A	A	A	A	B	A	A	A	B	A	B	B	B	A	A	B	A	B	A	A	B	B	B	B	A	B	A	B
Bd2_57008120_60_R	Bd2	419.4	B	A	B	B	B	B	B	A	A	B	A	B	B	B	A	B	B	A	B	A	A	A	B	B	B	B	B	B	B	B	A	B	A	B	A	B	B	B	B	B	B	B	B	B	B	A	A	B	B	A	B	B	A	A	A	B	A	A	B	A	B	B	B	A	A	A	B	B	A	B	A	B	B	A	A	B	A	B	B	A	A	B	B	A	A	A	B	A	A	A	A	B	A	A	A	B	A	-	B	B	A	B	B	A	B	A	A	B	B	B	B	A	B	A	B
Bd2_57772415_60_R	Bd2	429.7	B	A	B	B	B	A	B	A	A	B	A	B	B	B	A	A	B	A	A	A	A	A	B	B	B	B	B	B	B	B	A	B	A	B	A	B	B	B	B	B	B	B	B	B	B	A	A	B	B	A	B	B	A	B	A	B	A	B	B	A	B	B	A	A	A	B	B	B	A	B	A	B	B	A	A	B	B	B	A	A	A	A	B	A	B	A	B	A	A	B	A	B	B	A	A	B	B	A	A	B	B	B	B	A	B	B	A	B	B	B	A	A	B	A	B
Bd2_58536533_60_F	Bd2	436.9	B	A	B	A	A	A	B	A	B	B	A	A	B	B	A	B	B	A	A	A	A	A	B	B	B	B	B	B	B	B	A	B	A	B	B	A	B	B	B	B	B	A	B	B	B	B	A	B	B	A	B	B	A	B	A	B	A	B	B	A	B	B	A	-	A	B	B	A	A	B	A	B	B	A	A	B	B	B	A	A	A	A	B	A	B	A	-	A	A	-	A	B	B	A	A	B	A	-	A	B	B	B	-	A	B	B	A	B	B	A	A	A	A	A	B
Bd2_59283614_93_F	Bd2	445.5	B	B	B	A	A	A	B	A	B	B	B	A	B	B	B	B	B	A	A	A	A	A	B	B	B	B	B	B	B	B	A	B	A	B	B	B	B	B	B	B	B	A	B	B	B	B	A	B	B	B	B	A	A	B	A	B	B	B	B	A	B	B	A	A	A	B	B	A	A	A	A	B	B	A	A	B	B	B	A	A	A	A	B	A	B	B	B	A	A	B	A	B	B	A	A	B	A	B	A	B	B	A	B	B	B	B	A	B	B	B	B	A	A	B	A
Bd3_50512_111_F	Bd3	0.0	A	B	B	A	A	A	B	B	B	B	B	B	A	B	B	B	B	B	B	B	A	B	A	B	B	B	B	B	A	B	A	B	B	A	B	B	A	A	B	A	B	B	A	A	A	A	A	B	B	B	A	A	B	B	B	B	B	B	A	A	B	A	A	B	A	A	A	A	B	A	B	A	B	A	A	B	B	B	A	A	B	A	A	B	A	A	A	A	B	B	B	A	B	A	B	B	B	A	B	A	B	B	A	A	B	A	A	B	B	B	A	A	B	B	B
Bd3_999843_82_F	Bd3	14.4	A	B	B	A	A	A	B	A	A	B	B	A	A	B	B	B	B	B	B	B	A	B	B	B	B	B	B	B	B	B	B	B	B	B	A	B	A	A	B	A	B	B	A	B	B	A	A	B	B	B	A	A	B	B	B	B	B	B	A	A	B	B	A	A	A	A	B	B	B	B	B	A	B	A	A	B	B	A	A	A	B	A	A	B	A	A	A	A	B	B	B	A	B	B	A	A	B	B	B	A	B	B	B	B	B	A	A	B	B	B	B	A	B	B	B
Bd3_1983661_140_F	Bd3	31.1	A	B	B	A	B	A	-	A	A	B	B	B	A	B	B	B	A	A	B	B	A	B	B	A	B	B	B	B	B	B	A	B	B	B	A	B	B	A	B	A	B	B	A	B	B	B	A	B	B	B	A	B	B	A	A	B	B	B	A	B	A	B	B	B	A	A	B	B	B	A	B	A	B	B	A	B	A	B	A	A	A	A	A	B	A	A	B	A	B	B	B	A	B	B	A	A	B	A	B	B	B	A	B	-	B	B	A	B	B	B	B	A	B	B	B
Bd3_3100922_60_F	Bd3	41.6	A	A	B	A	B	B	B	A	A	B	B	A	A	B	B	B	A	A	B	A	B	A	B	A	B	B	B	B	B	A	A	B	B	B	B	B	B	B	B	A	B	B	B	B	B	B	A	B	B	B	A	B	B	A	A	B	B	B	B	B	A	B	B	B	A	B	B	B	B	B	B	A	B	B	A	B	A	A	A	A	A	B	A	B	A	A	B	B	B	B	B	A	B	B	A	A	B	A	B	B	A	A	B	A	A	B	A	B	B	B	B	A	B	B	B
Bd3_4029327_60_F	Bd3	51.1	B	A	B	A	B	B	B	A	A	B	B	A	A	B	B	B	A	A	B	A	B	B	B	A	B	B	B	B	A	B	B	B	A	B	A	A	B	B	B	A	B	B	A	B	B	B	B	B	B	B	B	B	B	B	A	B	B	B	B	A	A	A	B	B	A	B	A	B	B	A	B	A	B	B	A	B	A	A	A	A	A	B	A	B	A	A	B	B	B	B	B	A	B	B	A	A	B	A	B	B	A	A	B	B	A	B	A	B	B	B	B	A	B	B	B
Bd3_4400008_60_R	Bd3	57.9	B	A	B	A	B	A	B	A	A	B	B	A	B	B	B	B	A	B	B	A	B	B	B	A	B	B	A	B	A	B	B	B	A	B	A	A	B	B	B	A	B	B	A	B	B	B	B	B	B	B	B	B	B	B	A	B	B	B	B	A	A	A	B	B	A	B	B	B	B	A	B	B	B	B	B	B	A	A	A	B	A	B	B	B	A	A	B	B	B	B	B	B	B	B	A	A	B	A	A	B	A	A	B	B	A	B	B	B	B	B	B	A	A	B	B
Bd3_4723068_60_F	Bd3	66.8	B	A	B	A	A	A	A	A	A	B	B	A	B	B	B	A	B	B	B	A	B	B	B	B	B	B	A	B	A	B	B	B	A	B	B	A	B	B	A	A	B	B	B	B	B	A	B	B	B	B	B	B	B	B	A	B	B	B	B	A	A	A	B	B	A	A	B	B	B	B	B	B	A	B	B	B	A	A	A	B	A	B	B	B	A	A	A	B	B	B	B	B	B	B	A	B	B	A	B	B	A	A	B	B	A	B	B	B	B	B	B	B	A	B	B
Bd3_6318180_60_R	Bd3	76.4	A	A	B	A	A	A	A	A	A	B	B	A	B	B	B	A	A	B	B	B	B	B	B	B	B	B	A	B	A	B	B	B	A	B	B	B	B	A	A	B	B	B	B	B	B	A	-	B	B	A	B	B	B	A	A	B	B	A	B	A	A	A	A	B	A	A	B	B	B	B	A	B	B	A	B	B	A	A	A	B	A	B	B	B	A	A	B	A	B	B	B	B	B	B	A	B	B	A	B	B	A	A	B	B	A	A	B	B	A	B	B	B	A	B	B
Bd3_7163179_60_F	Bd3	92.9	B	A	B	A	A	A	A	B	A	B	A	A	B	B	B	A	B	B	B	B	B	B	B	B	B	B	A	B	A	B	B	A	A	B	B	B	B	B	A	B	B	B	B	B	B	B	B	B	B	B	B	B	A	A	B	B	B	A	B	A	A	A	A	B	A	A	B	A	B	B	B	A	B	A	B	B	B	B	B	B	B	B	B	B	B	A	B	A	B	B	A	B	B	A	A	A	B	A	B	B	A	A	A	B	A	B	B	B	A	A	B	A	A	B	B
Bd3_11328451_60_R	Bd3	105.5	B	A	B	B	A	A	A	B	A	A	B	A	B	A	B	A	B	B	B	B	B	B	B	B	B	B	A	B	A	B	B	A	B	B	A	B	B	B	A	A	B	B	B	B	B	B	A	B	B	B	B	B	A	A	B	A	B	A	B	A	A	A	B	B	A	A	A	A	B	B	A	B	B	A	A	B	B	B	B	B	B	B	B	A	B	A	B	B	B	B	A	B	A	A	A	A	B	A	B	B	A	A	A	B	A	A	B	A	A	B	B	B	A	B	B
Bd3_11926654_60_R	Bd3	113.0	B	A	A	B	A	A	A	B	A	A	B	A	B	A	B	A	B	B	B	B	B	B	B	B	B	B	A	B	A	B	B	A	B	A	A	B	B	B	A	A	B	B	B	B	A	B	A	B	B	B	B	B	A	A	B	A	B	A	B	A	B	A	B	B	B	B	A	B	B	A	A	B	A	A	A	B	B	B	B	B	B	B	B	A	B	A	B	B	B	A	A	B	A	B	A	A	B	A	A	B	A	A	A	B	A	A	B	B	A	B	B	B	B	B	B
Bd3_13201873_60_R	Bd3	125.6	B	A	A	A	A	A	A	B	A	A	B	B	B	A	B	B	B	B	B	B	A	B	B	B	B	A	B	B	B	B	B	B	B	A	A	B	A	B	A	A	A	B	B	B	A	B	A	A	A	B	B	B	A	A	B	A	B	A	A	A	B	A	B	B	B	A	A	A	B	A	A	B	A	A	A	B	B	B	B	B	A	A	A	A	B	A	B	B	B	A	A	B	A	A	A	A	B	A	B	B	A	A	A	B	A	A	B	B	A	B	B	B	A	B	B
Bd3_14472949_60_F	Bd3	142.9	B	B	A	B	B	A	A	B	B	A	B	B	B	A	B	B	B	B	B	B	A	B	A	B	A	A	B	B	B	A	B	B	B	A	A	B	A	B	A	A	A	A	B	A	A	A	A	B	A	B	B	B	A	A	A	A	B	B	B	A	A	A	B	B	B	B	B	B	B	A	A	A	B	A	A	B	B	B	B	B	A	A	A	A	B	A	A	B	B	A	A	B	A	B	A	A	B	A	A	B	A	A	B	B	A	B	B	B	A	B	B	B	A	B	A
Bd3_14749589_148_F	Bd3	147.9	B	B	A	B	B	A	A	B	B	A	B	B	B	A	B	B	B	A	B	B	A	B	A	B	A	A	B	B	A	A	B	B	B	A	A	B	A	B	A	A	A	B	B	A	A	A	A	B	A	A	B	B	A	A	A	A	B	B	B	A	A	A	B	B	B	B	B	B	B	B	A	A	A	A	A	B	B	B	A	B	A	A	A	A	B	A	A	B	B	B	A	B	A	A	A	A	B	A	A	B	A	A	B	B	A	A	B	B	A	B	B	B	A	B	A
Bd3_18569524_83_F	Bd3	164.2	B	B	A	A	B	A	A	B	A	A	A	B	B	A	B	B	B	B	B	B	A	B	A	B	A	A	B	A	A	A	A	B	B	B	A	B	A	B	A	A	A	A	B	B	A	A	B	B	A	B	B	B	A	A	A	A	A	B	B	A	A	B	B	B	B	B	B	B	A	A	A	A	A	A	B	B	B	A	A	A	A	A	A	B	B	A	A	B	B	B	A	A	A	A	A	B	B	A	A	B	A	A	B	B	A	B	B	B	B	A	A	B	A	B	A
Bd3_20170887_60_F	Bd3	175.2	B	B	A	A	B	B	A	B	A	B	A	B	B	A	B	B	B	B	B	B	A	A	A	B	B	A	B	B	B	A	A	A	B	B	A	B	A	B	A	A	A	A	B	B	A	A	B	B	A	B	A	B	A	A	A	A	A	B	B	A	A	B	A	B	B	B	B	B	A	A	A	A	A	A	A	B	B	B	A	A	A	A	B	A	B	B	A	B	B	B	A	A	A	B	A	B	B	A	A	B	A	B	A	B	A	B	A	B	B	A	A	B	A	B	B
Bd3_21768880_159_R	Bd3	183.3	A	B	A	B	B	B	A	B	A	B	A	A	B	A	B	B	B	B	B	B	A	A	A	A	B	A	B	B	B	A	B	A	B	B	B	B	A	B	A	A	A	A	B	B	A	A	B	B	A	B	A	B	A	A	A	A	B	B	B	A	A	B	A	B	B	B	B	A	A	A	A	A	B	A	A	B	B	B	A	A	A	A	B	A	B	A	A	A	B	B	A	A	A	B	B	B	B	A	B	B	A	B	A	B	A	B	A	B	B	B	B	B	A	B	B
Bd3_31165999_60_R	Bd3	201.6	B	A	A	B	B	B	B	B	A	B	B	A	A	A	B	A	B	B	A	B	A	A	A	A	A	A	B	B	B	B	B	B	B	A	B	B	B	A	A	A	A	A	B	B	A	B	A	B	A	B	A	B	A	A	A	A	B	A	B	A	A	B	A	B	B	B	B	B	A	A	A	A	B	A	A	A	B	B	A	A	A	A	B	A	B	B	B	A	A	B	A	A	A	B	A	B	A	A	B	B	A	B	A	A	B	A	A	B	A	B	B	B	A	B	B
Bd3_33065513_60_F	Bd3	220.2	B	A	A	B	B	B	B	B	A	B	B	A	A	A	B	A	B	B	B	A	A	A	A	A	A	A	B	A	A	B	A	A	B	A	B	A	B	B	A	A	A	A	B	B	A	B	A	B	A	B	A	B	B	A	B	A	A	A	B	B	A	B	-	B	A	B	B	A	B	A	A	B	B	A	A	A	B	B	A	B	A	A	B	B	B	B	B	A	B	B	B	A	A	B	A	B	A	A	B	B	A	B	A	B	B	B	B	B	B	A	B	B	B	A	B
Bd3_34659774_60_R	Bd3	224.7	B	A	A	B	B	A	B	B	A	B	B	A	A	A	A	A	B	B	A	A	A	A	A	A	A	A	B	A	A	B	B	A	B	B	B	A	B	B	A	A	A	A	B	B	A	B	A	B	A	B	A	B	B	A	B	A	A	A	B	B	A	B	A	B	A	B	B	A	B	A	A	B	B	A	A	A	A	A	B	B	A	A	B	B	B	B	B	A	B	B	A	A	A	B	A	B	A	A	B	B	A	B	A	B	B	B	B	B	B	A	B	B	B	A	B
Bd3_37110292_60_F	Bd3	246.5	A	A	A	B	B	A	B	B	A	B	B	B	A	B	B	A	A	B	A	B	A	A	A	B	B	A	B	A	A	A	A	A	A	A	B	A	B	B	A	A	A	A	B	A	A	A	A	B	A	B	A	B	B	A	A	A	A	A	A	B	A	B	A	B	A	B	A	A	B	A	A	B	B	A	B	B	A	A	B	B	A	A	A	B	B	B	B	A	B	B	B	B	A	A	B	B	A	A	A	A	B	B	A	B	A	B	B	B	B	A	B	B	B	B	A
Bd3_38268340_60_R	Bd3	256.7	A	B	A	B	B	A	B	B	A	B	B	A	B	B	B	A	A	B	A	B	A	A	A	B	B	A	B	B	A	A	A	A	A	A	B	A	B	B	A	A	A	A	B	B	B	A	A	B	A	A	A	B	B	A	A	A	A	B	A	B	A	B	B	A	A	B	A	A	B	A	A	A	B	A	B	A	A	A	B	B	A	A	A	B	B	B	B	B	A	B	B	B	A	A	B	B	B	A	B	A	B	B	A	A	A	B	B	B	B	A	B	B	B	A	A
Bd3_39425837_60_F	Bd3	272.0	B	A	A	B	B	A	B	B	A	B	A	A	B	B	A	A	A	A	B	B	A	A	B	B	B	A	B	B	A	A	A	B	A	B	B	A	B	B	A	A	A	A	B	A	B	A	A	B	A	A	A	B	A	A	A	B	A	B	A	B	A	B	A	A	A	B	A	A	B	A	A	A	B	A	B	B	A	A	B	B	A	A	A	A	A	B	A	A	A	A	A	B	A	A	A	B	B	A	A	B	B	B	A	A	A	B	B	B	B	A	B	B	A	A	A
Bd3_40635296_95_F	Bd3	283.3	A	B	A	B	B	A	B	A	A	B	B	A	B	B	A	A	A	A	B	B	A	A	B	B	B	A	B	B	A	A	B	B	A	B	B	A	B	B	A	A	A	A	B	A	B	B	A	B	A	A	B	B	A	B	A	B	A	B	A	B	A	-	B	A	A	B	A	A	B	A	A	A	B	B	B	B	B	B	B	B	B	A	A	A	A	A	A	A	A	A	B	B	A	A	B	B	B	A	A	B	B	B	B	A	-	B	B	B	B	B	B	B	B	A	A
Bd3_41682139_60_F	Bd3	296.3	A	B	B	B	B	A	B	B	A	B	B	A	B	B	A	B	B	B	B	B	A	A	B	A	A	B	A	B	A	B	B	B	B	B	B	A	A	B	A	B	A	A	B	A	B	B	A	B	A	A	B	B	A	B	A	B	A	B	A	B	A	A	A	A	A	B	A	A	B	A	A	B	B	A	B	B	B	B	B	B	B	A	A	B	A	B	A	A	A	A	B	B	A	A	B	B	B	A	A	B	A	B	B	A	A	B	B	B	A	B	B	B	B	A	B
Bd3_43483188_60_R	Bd3	303.1	A	B	B	B	A	A	B	B	A	B	B	A	B	B	A	B	A	B	B	B	A	B	B	A	A	B	A	B	A	B	B	A	B	B	B	A	A	B	A	B	A	A	B	B	B	A	A	B	A	A	B	B	A	A	A	B	A	B	B	B	A	B	A	A	A	B	A	A	B	A	A	B	B	B	A	B	B	B	B	B	B	A	A	B	A	A	A	A	A	A	B	B	A	A	B	B	B	A	A	B	A	B	B	A	A	B	B	B	A	B	B	B	A	A	B
Bd3_46274576_60_F	Bd3	314.1	A	B	A	B	A	A	A	B	A	A	B	B	A	B	A	A	A	B	B	B	B	B	A	A	A	B	A	B	A	B	B	A	B	B	A	A	A	B	A	B	A	A	B	A	B	A	A	B	A	A	B	B	A	A	A	B	A	B	B	B	A	A	A	A	A	A	B	B	B	A	A	B	B	B	B	B	B	B	B	A	B	A	A	B	A	A	A	A	B	A	B	B	B	A	B	B	B	A	A	B	A	B	B	A	A	B	B	B	B	B	B	B	A	A	B
Bd3_48162258_60_F	Bd3	329.4	A	B	A	B	A	A	B	B	A	A	B	B	B	B	B	B	A	B	B	B	B	B	A	A	A	B	A	B	A	A	B	B	A	B	B	A	A	B	A	B	A	A	B	B	B	A	A	B	A	A	B	B	A	A	B	B	A	B	B	A	B	A	A	A	A	A	B	B	B	A	A	B	B	B	B	A	B	B	B	A	B	A	B	B	A	A	A	A	B	A	B	A	A	A	B	A	A	A	A	A	A	B	B	B	A	B	A	B	B	B	A	A	B	A	B
Bd3_50409195_60_F	Bd3	342.1	A	B	A	A	B	A	B	A	A	A	B	B	B	B	B	A	B	B	B	B	B	B	A	A	A	B	A	B	A	A	A	B	A	B	B	A	A	A	A	B	B	B	A	B	A	A	A	B	B	B	B	B	A	A	B	B	A	B	B	A	B	B	A	A	A	A	B	B	B	A	A	B	B	B	B	A	B	A	A	A	B	A	B	B	A	A	A	A	B	A	B	A	A	A	B	B	A	A	A	A	A	A	B	B	A	B	A	B	A	B	A	A	A	B	B
Bd3_52074165_60_R	Bd3	361.5	A	B	A	B	B	A	B	A	A	A	A	B	B	B	B	B	B	B	B	B	B	B	A	B	B	B	A	A	B	A	A	B	A	B	B	A	A	B	A	B	A	B	A	A	A	B	A	A	A	B	B	B	A	A	B	A	A	B	A	B	B	B	A	A	A	A	B	B	A	A	A	A	B	A	B	A	B	A	A	A	B	A	B	B	B	A	A	B	A	A	B	A	B	A	A	B	A	A	A	A	B	A	B	A	A	B	A	B	A	A	A	A	A	A	B
Bd3_53198034_60_R	Bd3	376.1	A	B	-	B	A	A	B	B	B	B	B	A	B	B	A	B	B	A	B	B	A	B	A	B	B	B	A	A	B	A	B	B	A	B	B	A	A	A	A	B	A	A	A	B	A	B	A	A	A	B	B	B	B	A	B	A	A	B	B	B	A	B	B	A	A	A	B	B	A	A	A	A	A	B	B	A	B	A	A	A	B	A	A	B	B	A	A	A	A	A	B	A	B	A	A	B	A	B	A	A	A	A	B	A	A	B	A	B	A	A	A	A	A	A	B
Bd3_54319389_60_R	Bd3	388.0	A	B	A	B	A	A	B	A	B	B	B	A	B	B	A	A	B	A	B	B	A	B	A	B	B	B	A	A	B	A	B	B	A	A	B	A	A	A	A	B	A	A	A	B	A	B	A	B	A	B	A	A	B	A	A	A	A	B	B	B	A	A	B	A	A	A	B	B	A	A	A	A	A	B	B	A	B	B	A	A	B	A	B	A	B	B	A	B	A	A	B	A	B	B	A	A	B	A	A	A	A	B	B	B	A	A	A	B	A	A	A	A	A	A	B
Bd3_55079205_60_F	Bd3	396.2	A	B	B	A	A	B	A	A	B	B	B	A	B	B	A	A	B	A	B	B	A	B	B	A	B	B	A	A	A	B	B	B	A	A	B	A	A	A	A	B	A	A	A	B	A	B	A	B	A	B	A	A	B	A	A	A	B	B	B	B	A	A	B	A	B	B	B	B	A	A	A	A	A	B	B	A	B	B	A	A	B	A	B	A	B	A	A	B	A	-	B	A	B	B	A	A	B	B	A	A	B	B	B	B	A	A	A	B	B	A	A	A	A	A	B
Bd3_55442548_60_F	Bd3	402.0	A	B	B	A	A	B	B	A	B	B	B	A	B	B	A	B	B	B	B	B	A	B	A	A	B	B	A	A	A	B	B	B	A	A	B	A	A	A	A	B	A	A	A	A	A	B	A	B	A	B	A	A	B	A	A	A	B	B	B	B	A	A	B	A	B	B	B	B	B	A	A	A	A	A	-	A	B	B	A	A	B	A	B	A	B	A	B	B	A	B	A	A	B	B	A	A	B	B	A	A	B	B	B	B	A	A	A	B	A	A	A	A	A	A	A
Bd3_55817437_60_F	Bd3	412.5	A	B	B	A	A	B	B	A	A	B	B	A	B	B	B	B	B	B	B	B	B	B	A	A	B	B	A	A	A	B	B	B	A	A	B	B	A	B	A	A	B	A	A	A	A	B	A	A	B	B	A	A	B	A	A	A	B	B	B	B	A	A	A	A	B	B	B	B	B	A	A	A	A	A	B	A	A	B	A	A	B	B	B	A	B	A	B	B	B	B	A	A	B	B	A	B	B	B	A	B	A	B	B	B	A	A	B	B	A	B	A	-	A	A	A
Bd3_56564248_60_F	Bd3	417.5	A	B	B	A	A	B	B	A	A	B	B	A	B	B	B	B	B	B	B	A	B	B	A	A	B	B	B	A	A	B	B	B	A	A	B	B	A	B	A	A	B	A	A	A	A	A	A	A	B	B	A	A	A	A	A	A	B	B	B	B	A	A	A	A	B	B	B	B	A	A	A	A	A	A	A	A	B	B	A	A	B	B	A	A	B	A	B	B	B	B	A	B	B	B	A	B	B	B	A	B	A	B	B	B	A	A	B	B	A	B	A	A	A	A	B
Bd3_57077594_60_F	Bd3	425.6	A	B	B	A	B	B	B	A	A	B	B	A	B	A	A	A	B	B	B	A	B	B	A	A	B	B	B	A	A	B	B	B	A	A	B	B	A	B	A	A	B	A	A	A	A	A	A	A	B	B	A	B	A	A	A	A	B	B	B	A	A	A	A	A	B	A	B	A	A	A	A	A	A	A	A	A	B	B	A	A	B	B	A	A	B	A	A	A	B	B	B	B	B	A	A	B	B	B	A	B	A	B	B	B	A	A	A	B	A	B	B	A	A	A	A
Bd3_58173650_60_F	Bd3	440.9	A	B	A	A	B	B	B	A	A	B	B	A	A	A	B	A	B	B	A	A	A	B	A	A	B	A	B	B	A	B	B	A	A	A	B	B	A	B	B	A	B	A	A	A	A	A	A	A	B	B	A	B	B	A	B	A	B	B	B	A	B	A	A	A	B	A	B	B	A	B	A	A	A	A	A	A	B	A	B	A	B	B	B	A	B	B	A	A	A	B	B	B	B	A	A	B	B	B	A	B	A	B	B	B	A	A	B	B	A	A	A	A	A	B	B
Bd3_58690448_60_F	Bd3	448.4	B	B	A	A	B	B	A	A	A	B	B	A	B	A	A	B	B	B	A	B	A	B	A	A	A	A	B	B	A	B	B	A	A	A	A	B	A	B	B	A	B	B	A	A	A	A	A	B	B	B	B	B	B	A	B	A	B	B	A	A	B	A	A	A	B	A	B	B	A	B	A	A	A	B	A	A	B	A	B	A	B	B	B	A	B	B	A	A	A	B	B	A	B	A	A	B	B	B	A	B	A	B	B	B	A	A	B	B	A	A	A	A	A	B	B
Bd3_59001247_60_R	Bd3	452.4	B	B	-	A	B	B	A	A	A	B	A	A	B	B	A	B	B	A	A	B	A	B	A	A	A	A	B	B	A	B	B	A	A	A	A	B	A	B	B	-	B	B	A	A	A	A	A	B	B	B	A	B	B	A	B	A	B	B	A	A	A	A	A	A	B	A	B	B	A	B	A	A	A	B	A	A	B	A	B	A	B	B	B	A	A	B	A	A	A	B	B	A	B	A	A	B	B	A	A	B	A	B	B	B	A	A	B	A	A	A	A	A	A	B	B
Bd4_73698_60_R	Bd4	0.0	B	A	B	A	B	A	A	A	B	B	B	B	B	B	A	B	A	A	B	A	B	A	B	B	B	B	B	B	B	A	B	A	A	B	A	B	B	B	B	B	A	B	A	B	B	A	A	B	A	A	B	A	B	B	B	B	A	B	B	B	A	A	B	B	A	A	B	B	B	B	B	B	A	A	A	A	A	B	B	B	B	A	A	B	A	A	B	A	B	A	A	B	B	A	B	B	A	B	B	B	B	A	A	A	B	A	A	B	B	B	A	B	A	B	A
Bd4_1292809_60_F	Bd4	13.5	B	A	B	A	A	A	A	A	B	B	B	B	B	B	A	B	A	A	B	A	B	A	B	B	B	B	B	B	B	B	B	A	A	A	A	B	B	A	B	A	B	B	A	B	B	A	A	A	B	B	B	A	B	B	B	B	A	B	A	B	A	A	A	B	A	A	A	B	B	B	B	A	B	A	B	A	A	B	A	A	B	A	A	B	A	A	B	A	B	A	A	B	B	A	B	B	A	B	B	B	B	A	B	A	B	B	A	A	B	B	A	A	B	B	A
Bd4_1913882_60_R	Bd4	18.5	B	A	B	A	A	A	A	A	B	B	A	B	B	B	A	B	A	A	B	A	B	A	B	B	B	B	B	B	A	B	B	A	A	A	A	B	B	A	B	A	B	B	A	B	B	A	A	A	B	B	B	A	B	B	A	A	A	B	A	B	A	B	A	B	A	A	A	B	B	B	B	A	B	A	B	A	A	B	A	A	A	A	A	B	A	A	B	B	A	A	A	B	A	A	B	B	A	B	B	B	B	A	B	A	B	B	A	A	B	B	A	A	A	B	A
Bd4_3151212_60_F	Bd4	36.8	B	A	B	B	B	A	A	A	A	A	A	A	B	A	A	B	A	A	A	A	B	B	B	B	B	A	A	B	A	B	B	A	A	A	B	B	B	A	A	A	B	B	B	B	B	A	A	B	B	B	B	A	B	B	A	A	A	B	A	B	A	B	A	B	A	B	A	B	B	A	B	A	A	A	B	A	A	A	A	A	A	B	A	B	A	A	B	B	A	B	A	B	B	B	B	B	A	B	A	A	A	A	B	B	B	B	B	A	B	B	A	A	A	B	A
Bd4_4149511_60_F	Bd4	51.2	A	A	B	B	B	A	A	B	A	A	A	A	B	A	A	B	A	A	A	A	B	B	B	A	B	A	A	A	A	B	B	B	A	A	B	B	B	A	A	A	B	A	A	B	B	A	A	B	B	A	A	A	B	B	B	A	A	B	B	B	A	B	A	B	A	B	A	B	B	B	B	A	A	A	B	B	B	A	A	A	A	B	A	B	A	A	A	B	A	B	A	A	A	A	B	B	B	B	A	A	A	A	A	B	A	A	A	A	B	B	A	A	A	B	A
Bd4_5339527_60_F	Bd4	69.8	B	A	B	A	A	A	A	B	A	A	A	B	A	A	A	B	A	A	A	A	B	B	A	A	B	A	A	A	A	B	B	B	A	A	B	A	B	A	A	A	A	A	A	B	B	A	A	A	A	A	A	A	B	A	B	A	B	B	A	B	A	A	A	B	A	B	A	B	A	A	B	A	A	A	A	B	A	A	A	A	A	B	A	A	A	B	A	A	B	B	A	A	B	B	B	A	B	B	A	A	B	A	A	B	A	A	A	A	B	B	-	A	A	A	A
Bd4_5927899_60_R	Bd4	76.0	B	A	B	A	A	A	A	A	A	A	A	A	A	A	A	B	A	A	A	A	B	B	A	A	B	A	A	A	A	B	B	B	A	A	A	A	B	A	A	A	A	A	A	A	B	A	A	A	A	A	A	A	A	A	A	A	A	B	A	A	A	A	A	B	A	B	A	A	A	A	B	A	A	A	A	B	A	A	A	A	A	B	A	A	A	B	A	A	B	A	A	A	B	B	B	A	B	A	A	A	B	A	A	B	A	A	A	A	A	B	A	A	A	A	A
Bd4_7548678_60_F	Bd4	88.7	A	A	B	A	A	A	A	A	A	A	B	A	B	A	A	B	A	A	A	A	A	A	A	A	A	A	A	A	A	A	A	B	A	A	B	A	B	A	A	A	A	A	A	A	A	A	B	A	A	A	B	A	A	A	A	A	A	B	A	A	A	B	A	B	A	A	A	A	A	A	B	A	A	A	A	A	A	A	A	A	A	A	B	A	A	A	A	A	B	A	A	A	B	B	A	A	B	A	A	A	A	A	A	A	A	A	A	A	A	B	A	A	A	A	A
Bd4_10370285_60_F	Bd4	98.4	A	A	B	B	A	A	A	A	A	A	B	A	B	A	A	B	A	B	A	A	A	A	A	A	-	A	A	B	A	A	A	B	A	-	B	B	A	A	A	A	A	A	A	A	A	B	B	A	A	A	B	A	A	A	A	A	A	A	B	A	A	B	A	B	A	A	A	B	B	A	A	A	B	A	A	A	A	A	A	A	A	A	B	A	A	B	A	A	B	A	A	A	B	B	A	B	B	A	A	B	A	A	A	A	A	A	A	B	A	B	A	A	A	A	B
Bd4_14130545_60_R	Bd4	111.4	A	B	B	B	A	A	B	A	A	B	A	A	B	B	B	B	B	B	A	A	A	A	A	A	A	A	A	B	A	B	B	A	A	-	B	A	A	A	A	A	A	A	A	A	A	B	B	B	A	A	B	B	A	A	A	A	A	A	B	A	A	B	A	B	A	B	A	B	B	A	A	A	B	A	A	B	A	A	A	A	B	A	B	A	A	B	B	A	B	A	A	A	B	B	A	B	B	A	B	A	A	A	A	A	B	A	A	B	A	B	B	A	A	A	B
Bd4_24653785_60_R	Bd4	130.2	A	A	A	A	A	A	B	B	A	A	A	A	B	B	B	B	B	B	A	A	A	B	A	A	B	A	A	B	A	B	B	A	A	A	B	A	A	B	A	A	A	B	A	A	A	B	B	B	A	A	B	B	A	B	A	A	A	A	B	A	B	B	A	B	A	B	A	B	A	B	B	A	A	A	A	B	B	A	-	A	B	B	B	A	A	B	A	A	B	B	A	B	B	B	A	A	B	A	B	B	B	A	B	B	B	A	A	B	B	B	A	A	A	A	B
Bd4_27278128_127_R	Bd4	137.8	A	B	B	A	A	A	A	B	A	A	B	A	B	B	B	B	B	B	A	A	A	A	A	A	A	B	A	B	A	B	B	B	A	B	B	A	A	B	A	A	A	A	A	A	A	B	B	B	A	A	B	B	A	B	A	A	A	A	B	A	B	B	A	B	A	B	A	B	A	B	B	A	A	A	A	B	B	A	A	A	B	B	B	A	A	B	A	A	B	B	A	B	B	B	A	A	B	B	B	B	B	B	B	B	B	B	A	B	B	B	B	A	A	A	B
Bd4_29530471_60_F	Bd4	153.1	A	B	B	A	A	A	A	B	A	A	B	A	B	B	B	B	B	A	A	A	B	B	B	A	A	B	B	B	A	B	B	B	A	A	B	A	A	A	A	A	A	B	A	A	A	A	B	B	A	A	B	B	A	B	A	A	B	B	A	B	A	B	A	B	A	B	A	B	A	B	A	A	A	A	A	B	B	A	A	A	B	B	B	B	A	A	B	A	B	A	B	A	B	B	A	A	B	B	B	A	B	A	B	B	A	B	A	B	B	B	B	A	A	A	B
Bd4_30241083_60_F	Bd4	161.3	A	B	B	A	A	A	A	B	A	A	B	A	B	B	B	B	B	A	A	A	B	B	B	B	A	A	A	B	A	B	B	B	A	A	B	A	A	B	A	A	A	B	A	A	A	B	B	B	A	B	B	B	A	B	A	A	B	B	A	B	A	A	A	-	A	B	A	B	A	B	A	A	B	A	A	B	B	A	B	A	B	B	B	B	A	B	B	B	B	A	A	A	B	B	A	B	B	B	B	A	B	A	B	B	A	A	A	B	B	B	B	B	A	A	B
Bd4_31835032_60_R	Bd4	176.8	A	B	A	B	A	A	A	A	B	A	B	B	B	B	B	B	B	A	A	A	B	B	B	B	A	B	A	B	B	B	B	B	B	B	B	A	A	B	A	A	A	B	A	A	A	B	A	B	A	B	B	B	A	A	A	B	B	B	A	B	A	B	A	A	A	B	B	B	A	B	B	B	A	A	A	A	B	A	B	A	A	B	B	A	A	B	B	B	B	A	A	A	B	B	A	B	B	A	B	A	B	A	B	B	A	A	B	B	B	B	B	B	B	A	A
Bd4_33137488_60_F	Bd4	182.4	A	B	A	B	A	A	A	A	B	A	B	B	B	B	B	B	B	A	A	A	B	B	B	B	A	B	B	B	B	B	B	B	B	B	B	A	A	B	A	A	A	B	A	B	A	B	B	B	A	B	B	B	A	A	A	B	B	B	A	B	A	B	A	A	A	B	B	B	A	A	B	B	A	A	A	B	B	A	B	A	B	B	B	A	A	B	B	A	B	A	B	A	B	-	B	B	B	A	A	A	B	A	B	B	A	A	B	B	B	B	B	B	B	B	A
Bd4_35552468_60_R	Bd4	200.7	A	B	A	B	B	B	A	B	B	B	A	A	B	B	A	B	A	A	A	A	A	A	B	B	A	B	B	A	B	B	A	B	B	B	A	B	A	B	A	A	A	B	A	B	A	B	B	B	A	B	B	A	A	A	A	B	B	B	A	-	A	A	A	-	A	B	B	B	A	-	B	B	A	A	A	B	B	B	A	A	B	A	A	A	A	A	B	B	B	A	A	A	B	A	B	B	B	A	A	A	B	A	B	A	B	B	B	B	B	B	B	B	B	B	A
Bd4_37651285_60_F	Bd4	214.0	A	B	B	B	A	A	A	B	B	B	A	A	B	B	A	A	A	A	B	B	B	A	B	B	A	B	B	A	B	B	B	B	B	B	A	B	A	B	A	B	A	B	A	A	A	B	B	B	A	B	B	A	A	A	A	A	B	B	A	B	A	A	B	B	A	A	B	B	B	A	B	B	A	B	A	B	B	B	A	A	B	-	A	A	A	A	B	A	B	B	A	A	B	A	A	B	B	A	A	A	A	A	B	A	B	B	B	B	B	B	B	A	B	B	B
Bd4_39901805_60_R	Bd4	231.5	A	B	B	B	A	B	A	B	B	B	A	A	B	A	B	A	A	B	B	A	B	A	B	B	B	B	A	A	B	B	B	B	B	A	A	B	A	B	A	B	A	B	A	A	A	B	B	B	A	B	A	A	A	A	A	A	B	A	A	B	A	B	B	B	A	A	B	B	B	B	B	B	A	B	A	B	B	A	B	A	B	B	A	A	B	A	A	B	A	B	A	A	B	B	B	A	A	A	A	B	A	A	A	A	B	B	B	B	A	B	B	A	B	A	B
Bd4_41123162_60_F	Bd4	247.8	A	B	B	B	B	B	A	B	A	B	A	A	A	A	B	B	A	A	B	A	B	B	B	B	B	B	A	A	B	A	B	B	B	A	A	B	A	B	A	A	B	B	A	A	B	B	A	B	B	B	A	A	A	A	A	B	B	A	B	A	A	B	B	A	A	A	A	B	B	B	B	B	A	B	A	A	B	A	B	A	A	A	A	A	B	A	A	A	A	B	A	A	B	A	B	A	A	A	A	B	A	A	A	B	B	B	B	B	A	B	B	A	A	A	A
Bd4_42401676_60_F	Bd4	255.2	A	B	B	B	B	B	A	B	B	B	A	A	A	A	B	B	A	A	B	A	B	B	B	B	B	B	A	A	B	A	B	B	A	A	A	B	A	B	A	A	B	B	B	B	B	B	A	B	B	B	A	A	A	A	A	A	B	A	B	B	A	B	B	A	B	A	B	B	B	B	B	B	A	B	A	A	B	A	B	A	A	A	A	A	B	A	A	A	A	B	A	B	B	B	B	A	A	A	A	B	A	A	B	B	B	A	B	B	A	A	B	A	B	A	A
Bd4_43441185_60_F	Bd4	260.8	A	B	B	B	B	B	A	B	B	B	A	A	A	A	B	B	A	A	B	B	B	B	A	B	B	B	A	B	B	A	B	B	A	A	A	B	A	B	A	A	B	A	B	B	B	B	A	B	B	B	A	A	A	A	A	A	B	B	A	B	A	B	B	B	B	A	B	B	A	B	B	B	A	B	A	B	B	A	B	A	A	A	A	A	B	A	A	A	A	B	A	B	B	B	A	A	A	A	A	B	A	A	B	B	B	A	B	B	A	A	A	A	B	A	A
Bd4_44861619_60_R	Bd4	272.6	B	B	B	B	B	A	A	B	B	A	A	B	A	A	B	B	A	A	A	B	B	B	B	B	A	B	A	B	B	A	B	B	A	A	A	B	A	B	A	A	B	A	B	B	B	B	A	B	B	A	A	A	A	A	A	A	B	A	A	B	A	B	B	B	B	A	B	B	A	B	B	B	B	B	A	B	B	A	A	B	A	A	A	A	A	A	B	A	B	B	A	B	B	B	A	A	A	A	A	B	A	A	B	B	A	A	B	B	A	A	B	B	A	B	A
Bd4_45464769_128_F	Bd4	282.9	B	B	B	B	B	A	A	A	B	A	A	B	A	A	B	B	A	A	A	B	B	B	A	B	A	B	A	B	B	A	B	B	A	A	A	B	A	B	B	B	B	A	B	B	B	A	A	B	B	A	A	A	A	A	A	A	B	A	A	B	B	B	B	B	B	B	B	B	A	B	B	A	B	B	B	B	A	A	B	B	A	A	A	A	A	A	B	A	A	B	A	B	B	B	B	A	B	A	B	A	A	B	B	B	A	A	B	A	A	A	B	B	A	B	A
Bd4_46134340_60_R	Bd4	289.7	B	B	B	B	B	A	A	A	B	A	A	A	A	A	B	B	B	A	A	B	B	A	A	B	A	B	A	A	B	A	A	B	A	B	A	B	A	B	B	B	B	A	B	B	B	A	A	B	B	B	A	A	A	A	A	A	B	A	B	B	B	B	B	B	B	B	A	B	A	B	B	A	B	B	B	B	A	B	B	B	A	A	B	A	A	B	B	A	A	B	A	B	B	B	B	A	B	A	B	A	A	B	B	A	A	A	B	A	A	A	B	B	A	B	A
Bd4_46441435_60_F	Bd4	299.2	B	B	A	B	B	A	B	A	B	A	B	A	A	A	B	B	B	B	A	B	B	A	A	B	A	A	A	B	B	A	A	B	A	A	A	A	A	B	B	B	B	A	B	B	B	A	A	B	B	B	A	A	A	A	A	A	B	A	B	B	B	B	B	B	A	B	A	B	A	B	B	A	B	A	B	B	A	A	B	B	A	A	B	A	A	B	A	A	A	A	B	B	B	B	B	A	B	A	B	A	A	B	B	A	A	B	B	B	A	A	B	B	A	B	B
Bd4_46748494_60_F	Bd4	308.2	B	B	A	B	A	A	B	B	B	A	B	A	A	A	B	A	B	B	A	B	B	A	-	B	A	A	A	B	B	A	A	B	A	A	B	B	A	B	B	B	B	A	B	B	B	A	A	B	B	A	A	B	A	A	A	A	B	A	B	B	A	B	B	B	A	B	A	B	A	B	B	B	B	A	B	A	A	A	B	B	A	A	B	A	A	B	A	B	A	A	A	B	A	B	B	A	B	A	B	A	A	A	A	A	B	B	B	B	A	A	B	B	A	B	B
Bd4_47384651_60_F	Bd4	316.4	B	B	A	A	A	A	B	B	A	A	A	B	A	B	B	A	B	B	B	B	B	A	B	B	A	A	A	B	B	A	A	B	A	A	B	B	A	B	B	B	B	A	A	B	B	A	B	B	B	A	A	B	B	A	A	A	B	A	B	A	A	B	B	B	A	B	A	B	A	B	B	B	B	B	B	A	A	B	B	B	A	A	B	A	A	B	A	B	A	A	A	B	A	B	B	B	B	B	B	A	A	A	A	A	B	B	B	B	A	A	B	A	A	B	B
Bd4_48049692_60_F	Bd4	323.8	B	B	A	A	A	A	B	B	A	A	A	B	A	B	B	A	B	B	B	A	A	A	B	B	B	B	A	B	B	A	A	B	A	A	B	B	A	B	B	B	B	A	A	B	B	A	B	A	B	A	A	B	B	A	B	B	B	A	B	A	A	B	B	B	B	B	A	B	A	B	B	A	B	B	B	A	B	B	B	B	B	A	B	A	A	B	A	B	A	A	A	B	A	B	B	B	B	A	B	A	A	A	B	A	B	B	B	B	B	A	B	A	A	B	B
Bd5_637722_60_F	Bd5	0.0	B	B	A	B	A	B	A	B	B	B	A	A	A	B	B	B	A	A	A	B	A	B	B	A	B	B	A	A	B	B	B	B	A	B	A	B	B	A	B	A	A	B	A	A	B	A	A	B	A	A	B	B	B	B	A	A	B	A	A	A	A	A	A	B	A	A	A	A	A	B	A	B	A	B	A	B	A	B	B	A	A	A	A	A	B	B	B	B	A	A	A	A	A	B	A	A	A	A	A	B	A	A	B	A	A	B	B	A	B	B	B	A	A	B	A
Bd5_1341938_60_F	Bd5	15.3	A	A	A	B	B	B	A	B	B	B	A	A	B	B	B	B	A	A	A	B	A	A	A	A	B	B	A	B	B	B	B	B	A	B	B	B	B	A	A	A	B	B	A	A	B	A	A	B	B	A	B	A	A	B	A	A	B	A	A	A	A	A	A	A	A	B	A	A	B	B	B	A	A	B	A	B	A	B	B	A	B	A	A	A	B	A	B	B	A	A	A	B	A	A	A	A	A	A	A	B	A	A	B	A	A	B	B	A	A	B	B	A	A	B	B
Bd5_2042753_60_R	Bd5	19.7	A	A	A	B	A	B	A	B	B	A	A	A	B	B	B	B	A	A	A	A	A	A	A	A	A	B	A	B	B	B	B	B	A	B	B	B	B	A	A	A	B	B	A	A	B	A	A	B	B	A	B	A	A	A	A	B	B	A	A	A	A	A	A	A	A	B	A	A	B	B	B	A	A	B	A	B	A	B	A	A	B	A	A	B	B	A	B	B	A	A	A	B	A	A	A	A	A	A	A	B	A	A	B	A	A	B	B	A	A	A	B	A	A	B	B
Bd5_4585604_83_R	Bd5	36.2	A	A	B	B	A	B	A	B	-	A	A	B	B	B	B	B	A	A	A	A	A	A	A	B	B	B	A	A	B	B	B	A	A	B	B	B	B	B	A	A	B	B	A	A	A	A	A	B	B	A	A	B	A	A	A	B	A	A	A	A	A	A	A	A	A	B	A	A	B	A	B	A	A	A	A	A	A	B	B	A	B	A	B	B	B	A	B	A	A	B	A	B	B	A	A	B	A	B	A	B	B	A	B	B	B	B	B	A	A	A	B	A	A	B	A
Bd5_13079494_60_F	Bd5	47.4	B	A	B	B	A	B	B	B	B	A	A	A	B	B	B	B	A	B	A	A	A	A	A	B	B	B	B	A	B	B	B	A	A	B	B	B	B	B	A	A	B	B	A	A	A	A	A	B	B	A	B	A	A	A	A	A	A	A	A	A	A	A	A	A	A	B	A	A	B	A	B	A	A	A	A	A	A	B	A	A	B	B	A	B	A	A	B	A	A	A	B	B	B	A	A	B	A	A	A	B	B	A	B	B	A	B	B	A	A	A	B	B	B	B	B
Bd5_16048203_60_F	Bd5	65.7	A	A	A	B	A	B	B	B	A	A	A	A	B	A	B	B	A	A	A	B	A	A	A	B	A	B	B	A	A	B	B	A	A	A	B	A	B	B	A	A	A	B	A	A	A	B	A	A	A	B	B	A	A	A	A	A	A	A	B	B	A	A	A	A	A	B	A	A	A	A	A	A	A	A	A	A	A	A	A	A	B	B	A	B	A	B	A	A	A	A	B	B	B	A	A	A	A	A	A	B	B	A	A	A	B	B	B	A	A	A	B	B	B	B	A
Bd5_19234045_60_F	Bd5	80.1	A	A	A	B	A	B	A	B	B	B	A	A	B	A	B	B	A	B	A	B	A	A	A	B	A	B	A	A	A	B	A	A	A	A	B	A	B	B	B	A	A	B	A	A	A	A	A	A	A	B	B	B	A	A	A	A	A	A	B	B	A	B	A	A	B	B	A	A	A	B	A	A	B	B	A	A	A	A	B	B	B	B	A	A	A	B	A	A	A	A	B	A	B	A	A	A	A	A	A	A	A	B	A	A	A	B	B	A	A	A	A	B	B	B	A
Bd5_20186803_60_F	Bd5	85.7	A	A	A	B	B	B	A	B	B	B	A	A	B	B	B	B	A	B	A	B	A	A	A	A	A	B	A	A	A	B	A	B	B	A	B	A	B	B	B	A	A	B	A	A	A	A	B	A	A	B	B	B	A	B	A	B	A	A	B	B	A	B	A	A	B	B	A	A	A	B	A	A	B	B	A	A	A	A	B	B	B	B	A	A	B	B	A	A	A	B	B	A	B	A	A	A	A	A	A	A	A	B	A	A	B	B	B	A	A	A	A	B	B	B	A
Bd5_21139694_60_F	Bd5	99.2	B	A	A	B	A	B	B	B	A	B	B	A	B	B	B	B	A	B	A	B	A	A	A	A	A	B	A	A	B	B	A	B	B	B	B	A	B	B	B	B	A	B	A	A	A	B	A	A	A	B	B	A	A	B	A	B	A	A	B	B	B	B	A	A	B	B	A	B	A	B	A	A	A	B	A	A	A	A	B	B	B	B	A	A	B	B	A	A	A	B	A	A	B	A	A	A	A	B	A	A	B	B	B	A	B	A	A	B	A	B	A	B	B	B	A
Bd5_22654106_60_R	Bd5	118.6	A	A	A	B	B	B	A	B	A	B	A	A	B	B	B	B	A	B	A	B	B	A	A	B	B	B	A	A	A	B	A	B	B	B	B	A	A	A	A	B	A	B	A	B	B	B	A	A	A	B	B	A	A	B	A	B	A	B	B	B	B	B	A	A	A	B	A	A	A	B	A	A	A	B	B	A	A	A	A	A	B	B	A	A	B	B	B	A	B	A	A	B	A	A	A	A	A	B	A	A	B	B	B	A	A	A	A	B	A	A	B	A	B	B	A
Bd5_24164334_60_F	Bd5	129.6	B	A	B	B	B	B	A	B	A	B	B	A	B	B	B	B	A	B	A	B	B	A	A	B	B	B	A	B	A	B	A	B	B	B	B	B	A	A	A	A	A	B	A	B	B	B	B	A	A	B	B	A	A	B	A	B	B	B	B	B	A	B	A	A	A	B	A	A	A	A	A	B	A	B	B	B	A	B	A	A	B	B	A	A	B	B	B	B	B	A	A	B	B	A	A	A	A	B	B	A	B	B	B	A	A	A	A	B	B	B	B	B	B	B	A
Bd5_24892514_60_F	Bd5	139.9	B	A	A	A	A	B	A	A	A	B	B	A	B	A	B	B	A	B	A	B	A	A	A	B	B	B	B	A	A	B	A	B	A	A	B	A	A	A	A	A	A	A	B	B	B	B	B	B	A	B	B	A	A	B	A	B	B	B	B	B	A	B	A	A	A	B	A	A	A	A	A	B	A	B	B	B	A	B	A	A	B	B	A	A	B	B	B	B	B	B	A	B	B	A	A	A	B	B	B	A	B	B	A	A	A	A	A	B	B	B	B	A	B	B	A
Bd5_25818174_60_F	Bd5	157.4	A	B	B	B	B	A	A	A	A	B	B	A	B	A	B	B	A	B	A	A	B	A	B	B	B	B	B	B	A	B	A	B	B	A	A	A	A	A	A	B	B	A	B	B	B	B	B	B	B	B	B	A	A	A	A	B	B	B	B	A	A	B	A	A	A	B	B	A	A	A	A	B	A	B	B	B	A	B	A	A	B	B	A	B	B	B	B	A	B	B	A	B	B	A	A	A	B	A	A	-	B	B	A	B	A	A	A	B	A	B	B	B	B	A	A
Bd5_26472136_60_F	Bd5	170.2	A	B	B	B	B	A	A	A	A	A	B	A	B	A	B	B	B	A	A	A	A	B	B	B	B	B	B	B	A	B	A	B	B	A	B	A	A	A	A	B	B	A	B	B	A	B	B	A	B	B	B	A	A	A	A	B	A	B	B	A	A	B	A	B	A	B	B	B	A	B	A	B	A	A	A	B	A	B	A	A	B	B	A	A	B	B	B	B	B	B	B	B	B	A	A	A	B	A	A	A	B	A	A	B	A	A	A	B	A	B	A	A	A	A	A
Bd5_27259561_60_F	Bd5	182.0	A	B	B	B	B	A	A	B	B	A	A	A	B	A	B	B	B	A	A	B	A	B	B	A	B	B	B	B	A	B	A	B	A	A	B	A	A	A	A	B	B	A	B	B	A	B	B	A	B	B	A	A	A	B	A	B	A	B	B	A	A	B	B	B	A	B	B	B	A	B	A	B	A	B	A	B	A	B	B	A	B	B	A	A	B	A	B	B	B	B	B	B	B	A	A	A	A	A	B	A	B	A	A	A	A	B	B	B	A	A	A	A	B	A	B
Bd5_28152971_60_F	Bd5	192.3	A	B	B	B	B	A	A	B	B	A	A	B	B	A	A	B	B	A	A	A	A	B	B	A	A	B	B	B	A	B	A	B	A	A	B	B	A	A	A	B	B	B	B	B	A	B	B	A	B	A	B	A	A	B	A	B	A	B	B	A	B	B	B	B	A	B	B	B	A	B	A	B	A	B	B	B	A	B	B	A	B	B	A	A	B	A	B	B	B	B	B	B	B	B	A	B	B	A	B	B	A	B	A	B	A	B	B	B	B	A	A	A	B	A	B
